1	CES	0.0	1.0	18	9	0	0	1	0	0	0	1	1	0	0	1	17	0	0	1	2	0	0	1	16	0	0	1	3	0	0	1	15	0	0	1	4	0	0	1	14	0	0	1	5	0	0	1	13	0	0	1	6	0	0	1	12	0	0	1	7	0	0	1	11	0	0	1	8	0	0	1	10	0	0	1	1.0
2	CES	0.0	1.0	10	22	0	0	1	27	0	0	1	26	0	0	1	25	0	0	1	18	0	0	1	24	0	0	1	19	0	0	1	23	0	0	1	20	0	0	1	21	0	0	1	1.0
3	CQS	0.0	1.0	7	29	0	0	1	28	0	0	1	33	0	0	1	34	0	0	1	32	0	0	1	31	0	0	1	30	0	0	1	0.0
4	CES	0.0	1.0	7	38	0	0	1	35	0	0	1	39	0	0	1	41	0	0	1	40	0	0	1	37	0	0	1	36	0	0	1	1.0
5	CES	0.0	1.0	6	44	0	0	1	47	0	0	1	42	0	0	1	46	0	0	1	43	0	0	1	45	0	0	1	1.0
6	CES	0.0	1.0	12	49	0	0	1	58	0	0	1	50	0	0	1	57	0	0	1	51	0	0	1	56	0	0	1	52	0	0	1	55	0	0	1	53	0	0	1	54	0	0	1	48	0	0	1	59	0	0	1	1.0
7	CES	0.0	1.0	15	70	0	0	1	64	0	0	1	71	0	0	1	63	0	0	1	72	0	0	1	62	0	0	1	73	0	0	1	61	0	0	1	74	0	0	1	60	0	0	1	67	0	0	1	68	0	0	1	66	0	0	1	69	0	0	1	65	0	0	1	1.0
8	CES	0.0	1.0	13	78	0	0	1	84	0	0	1	77	0	0	1	85	0	0	1	76	0	0	1	86	0	0	1	75	0	0	1	87	0	0	1	81	0	0	1	80	0	0	1	82	0	0	1	79	0	0	1	83	0	0	1	1.0
9	CES	0.0	1.0	10	93	0	0	1	88	0	0	1	89	0	0	1	90	0	0	1	91	0	0	1	92	0	0	1	94	0	0	1	95	0	0	1	96	0	0	1	97	0	0	1	1.0
10	CES	0.0	1.0	15	105	0	0	1	106	0	0	1	107	0	0	1	98	0	0	1	108	0	0	1	101	0	0	1	109	0	0	1	102	0	0	1	110	0	0	1	103	0	0	1	111	0	0	1	100	0	0	1	112	0	0	1	104	0	0	1	99	0	0	1	1.0
11	CES	0.0	1.0	25	126	0	0	1	128	0	0	1	123	0	0	1	129	0	0	1	122	0	0	1	121	0	0	1	120	0	0	1	119	0	0	1	118	0	0	1	130	0	0	1	117	0	0	1	116	0	0	1	115	0	0	1	114	0	0	1	113	0	0	1	131	0	0	1	132	0	0	1	133	0	0	1	134	0	0	1	135	0	0	1	136	0	0	1	137	0	0	1	125	0	0	1	127	0	0	1	124	0	0	1	1.0
12	CES	0.0	1.0	15	142	0	0	1	150	0	0	1	149	0	0	1	139	0	0	1	145	0	0	1	140	0	0	1	141	0	0	1	147	0	0	1	148	0	0	1	152	0	0	1	143	0	0	1	151	0	0	1	138	0	0	1	144	0	0	1	146	0	0	1	1.0
13	CES	0.0	1.0	7	159	0	0	1	154	0	0	1	158	0	0	1	155	0	0	1	157	0	0	1	153	0	0	1	156	0	0	1	1.0
14	CQS	0.0	1.0	11	162	0	0	1	161	0	0	1	160	0	0	1	167	0	0	1	166	0	0	1	165	0	0	1	168	0	0	1	164	0	0	1	163	0	0	1	169	0	0	1	170	0	0	1	0.0
15	CES	0.0	1.0	10	173	0	0	1	171	0	0	1	178	0	0	1	176	0	0	1	175	0	0	1	177	0	0	1	174	0	0	1	179	0	0	1	180	0	0	1	172	0	0	1	1.0
16	CES	0.0	1.0	14	187	0	0	1	191	0	0	1	182	0	0	1	190	0	0	1	183	0	0	1	189	0	0	1	186	0	0	1	184	0	0	1	188	0	0	1	185	0	0	1	181	0	0	1	192	0	0	1	193	0	0	1	194	0	0	1	1.0
17	CES	0.0	1.0	12	196	0	0	1	201	0	0	1	206	0	0	1	205	0	0	1	204	0	0	1	202	0	0	1	203	0	0	1	200	0	0	1	199	0	0	1	198	0	0	1	195	0	0	1	197	0	0	1	1.0
18	CES	0.0	1.0	10	207	0	0	1	216	0	0	1	215	0	0	1	214	0	0	1	213	0	0	1	212	0	0	1	211	0	0	1	210	0	0	1	209	0	0	1	208	0	0	1	1.0
19	CQS	0.0	1.0	9	220	0	0	1	221	0	0	1	219	0	0	1	218	0	0	1	217	0	0	1	222	0	0	1	223	0	0	1	225	0	0	1	224	0	0	1	0.0
20	CES	0.0	1.0	11	231	0	0	1	229	0	0	1	235	0	0	1	228	0	0	1	227	0	0	1	226	0	0	1	236	0	0	1	233	0	0	1	232	0	0	1	234	0	0	1	230	0	0	1	1.0
21	CQS	0.0	1.0	10	245	0	0	1	240	0	0	1	243	0	0	1	244	0	0	1	242	0	0	1	246	0	0	1	241	0	0	1	239	0	0	1	238	0	0	1	237	0	0	1	0.0
22	CES	0.0	1.0	5	247	0	0	1	248	0	0	1	250	0	0	1	249	0	0	1	251	0	0	1	1.0
23	CES	0.0	1.0	8	255	0	0	1	259	0	0	1	258	0	0	1	257	0	0	1	256	0	0	1	254	0	0	1	253	0	0	1	252	0	0	1	1.0
24	CQS	0.0	1.0	5	260	0	0	1	261	0	0	1	262	0	0	1	263	0	0	1	264	0	0	1	0.0
25	CES	0.0	1.0	12	268	0	0	1	269	0	0	1	270	0	0	1	271	0	0	1	272	0	0	1	273	0	0	1	275	0	0	1	274	0	0	1	276	0	0	1	265	0	0	1	266	0	0	1	267	0	0	1	1.0
26	CES	0.0	1.0	5	279	0	0	1	281	0	0	1	277	0	0	1	278	0	0	1	280	0	0	1	1.0
27	CES	0.0	1.0	15	289	0	0	1	296	0	0	1	282	0	0	1	283	0	0	1	284	0	0	1	295	0	0	1	285	0	0	1	294	0	0	1	286	0	0	1	293	0	0	1	287	0	0	1	292	0	0	1	288	0	0	1	291	0	0	1	290	0	0	1	1.0
28	CES	0.0	1.0	8	299	0	0	1	297	0	0	1	298	0	0	1	300	0	0	1	301	0	0	1	302	0	0	1	303	0	0	1	304	0	0	1	1.0
29	CQS	0.0	1.0	10	309	0	0	1	314	0	0	1	305	0	0	1	313	0	0	1	306	0	0	1	312	0	0	1	307	0	0	1	311	0	0	1	308	0	0	1	310	0	0	1	0.0
30	CES	0.0	1.0	10	323	0	0	1	319	0	0	1	317	0	0	1	322	0	0	1	324	0	0	1	321	0	0	1	316	0	0	1	318	0	0	1	320	0	0	1	315	0	0	1	1.0
31	CQS	0.0	1.0	11	335	0	0	1	329	0	0	1	332	0	0	1	325	0	0	1	330	0	0	1	331	0	0	1	328	0	0	1	327	0	0	1	333	0	0	1	334	0	0	1	326	0	0	1	0.0
32	CES	0.0	1.0	8	336	0	0	1	343	0	0	1	342	0	0	1	341	0	0	1	340	0	0	1	339	0	0	1	338	0	0	1	337	0	0	1	1.0
33	CES	0.0	1.0	8	350	0	0	1	345	0	0	1	347	0	0	1	349	0	0	1	351	0	0	1	344	0	0	1	348	0	0	1	346	0	0	1	1.0
34	CQS	0.0	1.0	5	355	0	0	1	352	0	0	1	353	0	0	1	354	0	0	1	356	0	0	1	0.0
35	CES	0.0	1.0	4	357	0	0	1	358	0	0	1	359	0	0	1	360	0	0	1	1.0
36	CQS	0.0	1.0	9	366	0	0	1	361	0	0	1	365	0	0	1	364	0	0	1	369	0	0	1	368	0	0	1	362	0	0	1	367	0	0	1	363	0	0	1	0.0
37	CES	0.0	1.0	2	370	0	0	1	371	0	0	1	1.0
38	CES	0.0	1.0	13	383	0	0	1	372	0	0	1	373	0	0	1	374	0	0	1	375	0	0	1	376	0	0	1	377	0	0	1	378	0	0	1	379	0	0	1	380	0	0	1	381	0	0	1	384	0	0	1	382	0	0	1	1.0
39	CQS	0.0	1.0	14	398	0	0	1	391	0	0	1	397	0	0	1	396	0	0	1	395	0	0	1	394	0	0	1	389	0	0	1	393	0	0	1	385	0	0	1	387	0	0	1	392	0	0	1	390	0	0	1	388	0	0	1	386	0	0	1	0.0
40	CES	0.0	1.0	16	400	0	0	1	414	0	0	1	413	0	0	1	409	0	0	1	408	0	0	1	407	0	0	1	406	0	0	1	405	0	0	1	404	0	0	1	403	0	0	1	399	0	0	1	402	0	0	1	401	0	0	1	412	0	0	1	411	0	0	1	410	0	0	1	1.0
41	CES	0.0	1.0	10	415	0	0	1	420	0	0	1	416	0	0	1	424	0	0	1	417	0	0	1	421	0	0	1	418	0	0	1	423	0	0	1	419	0	0	1	422	0	0	1	1.0
42	CQS	0.0	1.0	4	428	0	0	1	425	0	0	1	426	0	0	1	427	0	0	1	0.0
43	CQS	0.0	1.0	9	437	0	0	1	429	0	0	1	430	0	0	1	431	0	0	1	432	0	0	1	433	0	0	1	434	0	0	1	435	0	0	1	436	0	0	1	0.0
44	CES	0.0	1.0	7	440	0	0	1	444	0	0	1	443	0	0	1	442	0	0	1	441	0	0	1	439	0	0	1	438	0	0	1	1.0
45	CES	0.0	1.0	6	449	0	0	1	446	0	0	1	450	0	0	1	445	0	0	1	447	0	0	1	448	0	0	1	1.0
46	CQS	0.0	1.0	11	451	0	0	1	457	0	0	1	461	0	0	1	460	0	0	1	452	0	0	1	456	0	0	1	459	0	0	1	453	0	0	1	454	0	0	1	458	0	0	1	455	0	0	1	0.0
47	CES	0.0	1.0	16	463	0	0	1	464	0	0	1	465	0	0	1	466	0	0	1	467	0	0	1	468	0	0	1	469	0	0	1	470	0	0	1	471	0	0	1	472	0	0	1	473	0	0	1	474	0	0	1	475	0	0	1	476	0	0	1	462	0	0	1	477	0	0	1	1.0
48	CES	0.0	1.0	13	478	0	0	1	490	0	0	1	489	0	0	1	488	0	0	1	487	0	0	1	486	0	0	1	485	0	0	1	484	0	0	1	483	0	0	1	482	0	0	1	481	0	0	1	480	0	0	1	479	0	0	1	1.0
49	CES	0.0	1.0	8	495	0	0	1	491	0	0	1	497	0	0	1	496	0	0	1	492	0	0	1	493	0	0	1	498	0	0	1	494	0	0	1	1.0
50	CQS	0.0	1.0	2	500	0	0	1	499	0	0	1	0.0
51	CES	0.0	1.0	10	506	0	0	1	501	0	0	1	502	0	0	1	509	0	0	1	503	0	0	1	508	0	0	1	504	0	0	1	507	0	0	1	505	0	0	1	510	0	0	1	1.0
52	CES	0.0	1.0	8	514	0	0	1	513	0	0	1	515	0	0	1	512	0	0	1	516	0	0	1	511	0	0	1	517	0	0	1	518	0	0	1	1.0
53	CES	0.0	1.0	13	531	0	0	1	525	0	0	1	526	0	0	1	524	0	0	1	527	0	0	1	523	0	0	1	528	0	0	1	522	0	0	1	529	0	0	1	521	0	0	1	530	0	0	1	520	0	0	1	519	0	0	1	1.0
54	CES	0.0	1.0	5	536	0	0	1	534	0	0	1	535	0	0	1	533	0	0	1	532	0	0	1	1.0
55	CES	0.0	1.0	12	548	0	0	1	546	0	0	1	547	0	0	1	540	0	0	1	538	0	0	1	539	0	0	1	537	0	0	1	541	0	0	1	542	0	0	1	543	0	0	1	544	0	0	1	545	0	0	1	1.0
56	CQS	0.0	1.0	12	558	0	0	1	554	0	0	1	555	0	0	1	556	0	0	1	557	0	0	1	553	0	0	1	559	0	0	1	560	0	0	1	549	0	0	1	550	0	0	1	551	0	0	1	552	0	0	1	0.0
57	CQS	0.0	1.0	9	567	0	0	1	568	0	0	1	569	0	0	1	564	0	0	1	561	0	0	1	563	0	0	1	562	0	0	1	566	0	0	1	565	0	0	1	0.0
58	CES	0.0	1.0	6	570	0	0	1	572	0	0	1	574	0	0	1	575	0	0	1	571	0	0	1	573	0	0	1	1.0
59	CQS	0.0	1.0	9	584	0	0	1	578	0	0	1	579	0	0	1	577	0	0	1	580	0	0	1	576	0	0	1	581	0	0	1	582	0	0	1	583	0	0	1	0.0
60	CES	0.0	1.0	10	585	0	0	1	587	0	0	1	589	0	0	1	590	0	0	1	591	0	0	1	592	0	0	1	593	0	0	1	594	0	0	1	586	0	0	1	588	0	0	1	1.0
61	CES	0.0	1.0	11	602	0	0	1	595	0	0	1	603	0	0	1	604	0	0	1	596	0	0	1	605	0	0	1	597	0	0	1	598	0	0	1	599	0	0	1	601	0	0	1	600	0	0	1	1.0
62	CQS	0.0	1.0	13	609	0	0	1	610	0	0	1	613	0	0	1	611	0	0	1	612	0	0	1	618	0	0	1	606	0	0	1	617	0	0	1	607	0	0	1	616	0	0	1	608	0	0	1	615	0	0	1	614	0	0	1	0.0
63	CES	0.0	1.0	20	632	0	0	1	633	0	0	1	636	0	0	1	634	0	0	1	635	0	0	1	619	0	0	1	620	0	0	1	621	0	0	1	622	0	0	1	623	0	0	1	624	0	0	1	625	0	0	1	626	0	0	1	627	0	0	1	628	0	0	1	629	0	0	1	630	0	0	1	631	0	0	1	638	0	0	1	637	0	0	1	1.0
64	CES	0.0	1.0	10	645	0	0	1	644	0	0	1	641	0	0	1	640	0	0	1	648	0	0	1	643	0	0	1	647	0	0	1	639	0	0	1	646	0	0	1	642	0	0	1	1.0
65	CES	0.0	1.0	10	650	0	0	1	649	0	0	1	658	0	0	1	657	0	0	1	656	0	0	1	655	0	0	1	654	0	0	1	653	0	0	1	652	0	0	1	651	0	0	1	1.0
66	CQS	0.0	1.0	6	664	0	0	1	660	0	0	1	663	0	0	1	661	0	0	1	659	0	0	1	662	0	0	1	0.0
67	CQS	0.0	1.0	5	666	0	0	1	669	0	0	1	668	0	0	1	667	0	0	1	665	0	0	1	0.0
68	CES	0.0	1.0	21	689	0	0	1	686	0	0	1	674	0	0	1	676	0	0	1	688	0	0	1	687	0	0	1	675	0	0	1	677	0	0	1	678	0	0	1	685	0	0	1	684	0	0	1	670	0	0	1	679	0	0	1	671	0	0	1	683	0	0	1	672	0	0	1	680	0	0	1	690	0	0	1	682	0	0	1	673	0	0	1	681	0	0	1	1.0
69	CES	0.0	1.0	11	694	0	0	1	695	0	0	1	700	0	0	1	696	0	0	1	699	0	0	1	698	0	0	1	697	0	0	1	691	0	0	1	692	0	0	1	693	0	0	1	701	0	0	1	1.0
70	CES	0.0	1.0	2	703	0	0	1	702	0	0	1	1.0
71	CES	0.0	1.0	16	717	0	0	1	710	0	0	1	718	0	0	1	709	0	0	1	719	0	0	1	708	0	0	1	707	0	0	1	706	0	0	1	712	0	0	1	711	0	0	1	713	0	0	1	715	0	0	1	716	0	0	1	705	0	0	1	704	0	0	1	714	0	0	1	1.0
72	CES	0.0	1.0	3	721	0	0	1	722	0	0	1	720	0	0	1	1.0
73	CQS	0.0	1.0	8	728	0	0	1	727	0	0	1	729	0	0	1	726	0	0	1	730	0	0	1	725	0	0	1	724	0	0	1	723	0	0	1	0.0
74	CQS	0.0	1.0	5	735	0	0	1	731	0	0	1	732	0	0	1	733	0	0	1	734	0	0	1	0.0
75	CES	0.0	1.0	19	747	0	0	1	745	0	0	1	744	0	0	1	743	0	0	1	742	0	0	1	741	0	0	1	740	0	0	1	739	0	0	1	738	0	0	1	737	0	0	1	736	0	0	1	754	0	0	1	753	0	0	1	752	0	0	1	751	0	0	1	750	0	0	1	749	0	0	1	748	0	0	1	746	0	0	1	1.0
76	CES	0.0	1.0	10	755	0	0	1	762	0	0	1	757	0	0	1	763	0	0	1	758	0	0	1	764	0	0	1	759	0	0	1	761	0	0	1	756	0	0	1	760	0	0	1	1.0
77	CES	0.0	1.0	9	773	0	0	1	765	0	0	1	766	0	0	1	767	0	0	1	768	0	0	1	769	0	0	1	770	0	0	1	771	0	0	1	772	0	0	1	1.0
78	CES	0.0	1.0	9	779	0	0	1	781	0	0	1	780	0	0	1	774	0	0	1	776	0	0	1	782	0	0	1	775	0	0	1	778	0	0	1	777	0	0	1	1.0
79	CES	0.0	1.0	17	786	0	0	1	785	0	0	1	792	0	0	1	799	0	0	1	796	0	0	1	794	0	0	1	790	0	0	1	795	0	0	1	789	0	0	1	788	0	0	1	787	0	0	1	784	0	0	1	783	0	0	1	798	0	0	1	797	0	0	1	791	0	0	1	793	0	0	1	1.0
80	CQS	0.0	1.0	7	800	0	0	1	805	0	0	1	803	0	0	1	806	0	0	1	801	0	0	1	802	0	0	1	804	0	0	1	0.0
81	CQS	0.0	1.0	10	811	0	0	1	807	0	0	1	808	0	0	1	809	0	0	1	810	0	0	1	812	0	0	1	813	0	0	1	814	0	0	1	815	0	0	1	816	0	0	1	0.0
82	CES	0.0	1.0	10	826	0	0	1	817	0	0	1	825	0	0	1	818	0	0	1	824	0	0	1	819	0	0	1	823	0	0	1	820	0	0	1	822	0	0	1	821	0	0	1	1.0
83	CES	0.0	1.0	13	838	0	0	1	839	0	0	1	837	0	0	1	836	0	0	1	835	0	0	1	834	0	0	1	833	0	0	1	832	0	0	1	831	0	0	1	830	0	0	1	829	0	0	1	828	0	0	1	827	0	0	1	1.0
84	CES	0.0	1.0	7	841	0	0	1	840	0	0	1	845	0	0	1	844	0	0	1	843	0	0	1	842	0	0	1	846	0	0	1	1.0
85	CES	0.0	1.0	12	858	0	0	1	855	0	0	1	857	0	0	1	856	0	0	1	847	0	0	1	848	0	0	1	849	0	0	1	850	0	0	1	851	0	0	1	852	0	0	1	853	0	0	1	854	0	0	1	1.0
86	CES	0.0	1.0	10	860	0	0	1	863	0	0	1	868	0	0	1	867	0	0	1	866	0	0	1	864	0	0	1	862	0	0	1	861	0	0	1	859	0	0	1	865	0	0	1	1.0
87	CES	0.0	1.0	26	877	0	0	1	876	0	0	1	884	0	0	1	870	0	0	1	874	0	0	1	873	0	0	1	869	0	0	1	872	0	0	1	893	0	0	1	889	0	0	1	888	0	0	1	894	0	0	1	887	0	0	1	886	0	0	1	871	0	0	1	885	0	0	1	875	0	0	1	883	0	0	1	882	0	0	1	881	0	0	1	890	0	0	1	880	0	0	1	891	0	0	1	879	0	0	1	878	0	0	1	892	0	0	1	1.0
88	CQS	0.0	1.0	11	895	0	0	1	896	0	0	1	897	0	0	1	898	0	0	1	899	0	0	1	900	0	0	1	901	0	0	1	902	0	0	1	903	0	0	1	904	0	0	1	905	0	0	1	0.0
89	CES	0.0	1.0	5	908	0	0	1	910	0	0	1	909	0	0	1	907	0	0	1	906	0	0	1	1.0
90	CQS	0.0	1.0	6	915	0	0	1	914	0	0	1	913	0	0	1	912	0	0	1	911	0	0	1	916	0	0	1	0.0
91	CQS	0.0	1.0	13	921	0	0	1	929	0	0	1	920	0	0	1	924	0	0	1	919	0	0	1	926	0	0	1	918	0	0	1	927	0	0	1	917	0	0	1	923	0	0	1	928	0	0	1	922	0	0	1	925	0	0	1	0.0
92	CQS	0.0	1.0	8	935	0	0	1	930	0	0	1	931	0	0	1	932	0	0	1	933	0	0	1	934	0	0	1	936	0	0	1	937	0	0	1	0.0
93	CQS	0.0	1.0	7	944	0	0	1	943	0	0	1	941	0	0	1	942	0	0	1	938	0	0	1	940	0	0	1	939	0	0	1	0.0
94	CQS	0.0	1.0	2	945	0	0	1	946	0	0	1	0.0
95	CQS	0.0	1.0	8	954	0	0	1	947	0	0	1	948	0	0	1	949	0	0	1	950	0	0	1	951	0	0	1	952	0	0	1	953	0	0	1	0.0
96	CES	0.0	1.0	5	957	0	0	1	955	0	0	1	956	0	0	1	958	0	0	1	959	0	0	1	1.0
97	CES	0.0	1.0	16	960	0	0	1	961	0	0	1	962	0	0	1	963	0	0	1	964	0	0	1	965	0	0	1	966	0	0	1	967	0	0	1	968	0	0	1	969	0	0	1	970	0	0	1	971	0	0	1	972	0	0	1	973	0	0	1	974	0	0	1	975	0	0	1	1.0
98	CQS	0.0	1.0	9	977	0	0	1	976	0	0	1	978	0	0	1	979	0	0	1	980	0	0	1	981	0	0	1	982	0	0	1	983	0	0	1	984	0	0	1	0.0
99	CES	0.0	1.0	12	996	0	0	1	986	0	0	1	985	0	0	1	987	0	0	1	988	0	0	1	989	0	0	1	990	0	0	1	991	0	0	1	992	0	0	1	993	0	0	1	994	0	0	1	995	0	0	1	1.0
100	CQS	0.0	1.0	7	1000	0	0	1	1003	0	0	1	1001	0	0	1	1002	0	0	1	997	0	0	1	998	0	0	1	999	0	0	1	0.0
101	CES	0.0	1.0	11	1004	0	0	1	1006	0	0	1	1010	0	0	1	1013	0	0	1	1007	0	0	1	1009	0	0	1	1012	0	0	1	1005	0	0	1	1011	0	0	1	1008	0	0	1	1014	0	0	1	1.0
102	CES	0.0	1.0	11	1020	0	0	1	1025	0	0	1	1017	0	0	1	1021	0	0	1	1024	0	0	1	1016	0	0	1	1022	0	0	1	1015	0	0	1	1023	0	0	1	1019	0	0	1	1018	0	0	1	1.0
103	CQS	0.0	1.0	5	1026	0	0	1	1028	0	0	1	1027	0	0	1	1029	0	0	1	1030	0	0	1	0.0
104	CES	0.0	1.0	5	1035	0	0	1	1034	0	0	1	1033	0	0	1	1032	0	0	1	1031	0	0	1	1.0
105	CES	0.0	1.0	1	1036	0	0	1	1.0
106	CES	0.0	1.0	11	1041	0	0	1	1043	0	0	1	1040	0	0	1	1044	0	0	1	1039	0	0	1	1045	0	0	1	1046	0	0	1	1047	0	0	1	1038	0	0	1	1042	0	0	1	1037	0	0	1	1.0
107	CES	0.0	1.0	10	1049	0	0	1	1057	0	0	1	1056	0	0	1	1055	0	0	1	1054	0	0	1	1053	0	0	1	1052	0	0	1	1051	0	0	1	1050	0	0	1	1048	0	0	1	1.0
108	CQS	0.0	1.0	5	1058	0	0	1	1061	0	0	1	1062	0	0	1	1060	0	0	1	1059	0	0	1	0.0
109	CES	0.0	1.0	9	1064	0	0	1	1069	0	0	1	1063	0	0	1	1071	0	0	1	1070	0	0	1	1067	0	0	1	1068	0	0	1	1066	0	0	1	1065	0	0	1	1.0
110	CES	0.0	1.0	5	1073	0	0	1	1072	0	0	1	1074	0	0	1	1075	0	0	1	1076	0	0	1	1.0
111	CES	0.0	1.0	11	1086	0	0	1	1077	0	0	1	1078	0	0	1	1079	0	0	1	1080	0	0	1	1081	0	0	1	1082	0	0	1	1083	0	0	1	1084	0	0	1	1085	0	0	1	1087	0	0	1	1.0
112	CQS	0.0	1.0	10	1096	0	0	1	1088	0	0	1	1089	0	0	1	1090	0	0	1	1091	0	0	1	1092	0	0	1	1093	0	0	1	1094	0	0	1	1095	0	0	1	1097	0	0	1	0.0
113	CES	0.0	1.0	10	1099	0	0	1	1107	0	0	1	1106	0	0	1	1105	0	0	1	1104	0	0	1	1103	0	0	1	1102	0	0	1	1101	0	0	1	1100	0	0	1	1098	0	0	1	1.0
114	CES	0.0	1.0	29	1109	0	0	1	1108	0	0	1	1119	0	0	1	1120	0	0	1	1121	0	0	1	1122	0	0	1	1123	0	0	1	1124	0	0	1	1125	0	0	1	1126	0	0	1	1127	0	0	1	1128	0	0	1	1129	0	0	1	1130	0	0	1	1131	0	0	1	1132	0	0	1	1133	0	0	1	1134	0	0	1	1135	0	0	1	1136	0	0	1	1118	0	0	1	1117	0	0	1	1116	0	0	1	1115	0	0	1	1114	0	0	1	1113	0	0	1	1112	0	0	1	1111	0	0	1	1110	0	0	1	1.0
115	CES	0.0	1.0	4	1138	0	0	1	1139	0	0	1	1140	0	0	1	1137	0	0	1	1.0
116	CES	0.0	1.0	11	1143	0	0	1	1144	0	0	1	1145	0	0	1	1151	0	0	1	1146	0	0	1	1147	0	0	1	1150	0	0	1	1149	0	0	1	1148	0	0	1	1141	0	0	1	1142	0	0	1	1.0
117	CQS	0.0	1.0	9	1152	0	0	1	1157	0	0	1	1154	0	0	1	1156	0	0	1	1153	0	0	1	1155	0	0	1	1159	0	0	1	1158	0	0	1	1160	0	0	1	0.0
118	CQS	0.0	1.0	3	1163	0	0	1	1161	0	0	1	1162	0	0	1	0.0
119	CES	0.0	1.0	15	1166	0	0	1	1178	0	0	1	1167	0	0	1	1168	0	0	1	1177	0	0	1	1170	0	0	1	1175	0	0	1	1164	0	0	1	1169	0	0	1	1172	0	0	1	1174	0	0	1	1176	0	0	1	1173	0	0	1	1171	0	0	1	1165	0	0	1	1.0
120	CES	0.0	1.0	23	1193	0	0	1	1201	0	0	1	1200	0	0	1	1199	0	0	1	1198	0	0	1	1197	0	0	1	1196	0	0	1	1195	0	0	1	1194	0	0	1	1192	0	0	1	1191	0	0	1	1190	0	0	1	1189	0	0	1	1188	0	0	1	1187	0	0	1	1186	0	0	1	1185	0	0	1	1184	0	0	1	1183	0	0	1	1182	0	0	1	1181	0	0	1	1180	0	0	1	1179	0	0	1	1.0
121	CES	0.0	1.0	12	1202	0	0	1	1204	0	0	1	1208	0	0	1	1209	0	0	1	1205	0	0	1	1203	0	0	1	1206	0	0	1	1213	0	0	1	1212	0	0	1	1211	0	0	1	1207	0	0	1	1210	0	0	1	1.0
122	CES	0.0	1.0	10	1223	0	0	1	1222	0	0	1	1214	0	0	1	1215	0	0	1	1217	0	0	1	1216	0	0	1	1218	0	0	1	1220	0	0	1	1221	0	0	1	1219	0	0	1	1.0
123	CES	0.0	1.0	2	1225	0	0	1	1224	0	0	1	1.0
124	CES	0.0	1.0	10	1229	0	0	1	1228	0	0	1	1227	0	0	1	1226	0	0	1	1235	0	0	1	1234	0	0	1	1233	0	0	1	1232	0	0	1	1231	0	0	1	1230	0	0	1	1.0
125	CES	0.0	1.0	16	1242	0	0	1	1236	0	0	1	1248	0	0	1	1251	0	0	1	1243	0	0	1	1247	0	0	1	1250	0	0	1	1245	0	0	1	1244	0	0	1	1246	0	0	1	1249	0	0	1	1239	0	0	1	1240	0	0	1	1238	0	0	1	1241	0	0	1	1237	0	0	1	1.0
126	CES	0.0	1.0	29	1278	0	0	1	1253	0	0	1	1269	0	0	1	1252	0	0	1	1270	0	0	1	1271	0	0	1	1272	0	0	1	1273	0	0	1	1274	0	0	1	1275	0	0	1	1276	0	0	1	1277	0	0	1	1279	0	0	1	1280	0	0	1	1260	0	0	1	1261	0	0	1	1262	0	0	1	1259	0	0	1	1263	0	0	1	1264	0	0	1	1265	0	0	1	1258	0	0	1	1266	0	0	1	1257	0	0	1	1267	0	0	1	1256	0	0	1	1268	0	0	1	1255	0	0	1	1254	0	0	1	1.0
127	CES	0.0	1.0	13	1291	0	0	1	1284	0	0	1	1281	0	0	1	1285	0	0	1	1292	0	0	1	1288	0	0	1	1289	0	0	1	1293	0	0	1	1290	0	0	1	1287	0	0	1	1286	0	0	1	1282	0	0	1	1283	0	0	1	1.0
128	CQS	0.0	1.0	17	1298	0	0	1	1299	0	0	1	1305	0	0	1	1300	0	0	1	1310	0	0	1	1301	0	0	1	1307	0	0	1	1302	0	0	1	1306	0	0	1	1294	0	0	1	1295	0	0	1	1303	0	0	1	1308	0	0	1	1296	0	0	1	1297	0	0	1	1304	0	0	1	1309	0	0	1	0.0
129	CES	0.0	1.0	12	1313	0	0	1	1322	0	0	1	1317	0	0	1	1315	0	0	1	1320	0	0	1	1316	0	0	1	1311	0	0	1	1318	0	0	1	1319	0	0	1	1321	0	0	1	1314	0	0	1	1312	0	0	1	1.0
130	CQS	0.0	1.0	18	1334	0	0	1	1333	0	0	1	1332	0	0	1	1331	0	0	1	1330	0	0	1	1329	0	0	1	1328	0	0	1	1327	0	0	1	1326	0	0	1	1325	0	0	1	1324	0	0	1	1323	0	0	1	1338	0	0	1	1337	0	0	1	1339	0	0	1	1336	0	0	1	1340	0	0	1	1335	0	0	1	0.0
131	CQS	0.0	1.0	16	1356	0	0	1	1353	0	0	1	1352	0	0	1	1351	0	0	1	1350	0	0	1	1349	0	0	1	1355	0	0	1	1348	0	0	1	1341	0	0	1	1342	0	0	1	1347	0	0	1	1346	0	0	1	1354	0	0	1	1343	0	0	1	1345	0	0	1	1344	0	0	1	0.0
132	CQS	0.0	1.0	5	1360	0	0	1	1361	0	0	1	1357	0	0	1	1359	0	0	1	1358	0	0	1	0.0
133	CQS	0.0	1.0	12	1362	0	0	1	1363	0	0	1	1364	0	0	1	1365	0	0	1	1366	0	0	1	1367	0	0	1	1368	0	0	1	1369	0	0	1	1370	0	0	1	1371	0	0	1	1372	0	0	1	1373	0	0	1	0.0
134	CES	0.0	1.0	17	1390	0	0	1	1374	0	0	1	1375	0	0	1	1376	0	0	1	1377	0	0	1	1378	0	0	1	1379	0	0	1	1380	0	0	1	1381	0	0	1	1382	0	0	1	1383	0	0	1	1384	0	0	1	1385	0	0	1	1386	0	0	1	1387	0	0	1	1388	0	0	1	1389	0	0	1	1.0
135	CES	0.0	1.0	12	1394	0	0	1	1391	0	0	1	1392	0	0	1	1393	0	0	1	1395	0	0	1	1396	0	0	1	1397	0	0	1	1398	0	0	1	1399	0	0	1	1400	0	0	1	1401	0	0	1	1402	0	0	1	1.0
136	CES	0.0	1.0	12	1403	0	0	1	1404	0	0	1	1405	0	0	1	1406	0	0	1	1407	0	0	1	1408	0	0	1	1409	0	0	1	1410	0	0	1	1411	0	0	1	1412	0	0	1	1413	0	0	1	1414	0	0	1	1.0
137	CES	0.0	1.0	13	1426	0	0	1	1425	0	0	1	1415	0	0	1	1416	0	0	1	1417	0	0	1	1418	0	0	1	1427	0	0	1	1419	0	0	1	1420	0	0	1	1421	0	0	1	1422	0	0	1	1423	0	0	1	1424	0	0	1	1.0
138	CES	0.0	1.0	12	1436	0	0	1	1439	0	0	1	1438	0	0	1	1437	0	0	1	1435	0	0	1	1434	0	0	1	1433	0	0	1	1432	0	0	1	1431	0	0	1	1430	0	0	1	1429	0	0	1	1428	0	0	1	1.0
139	CQS	0.0	1.0	10	1447	0	0	1	1443	0	0	1	1442	0	0	1	1448	0	0	1	1449	0	0	1	1441	0	0	1	1446	0	0	1	1444	0	0	1	1445	0	0	1	1440	0	0	1	0.0
140	CQS	0.0	1.0	10	1457	0	0	1	1452	0	0	1	1458	0	0	1	1454	0	0	1	1453	0	0	1	1451	0	0	1	1455	0	0	1	1456	0	0	1	1450	0	0	1	1459	0	0	1	0.0
141	CES	0.0	1.0	9	1462	0	0	1	1461	0	0	1	1463	0	0	1	1466	0	0	1	1468	0	0	1	1467	0	0	1	1460	0	0	1	1464	0	0	1	1465	0	0	1	1.0
142	CQS	0.0	1.0	11	1474	0	0	1	1479	0	0	1	1473	0	0	1	1471	0	0	1	1472	0	0	1	1470	0	0	1	1469	0	0	1	1478	0	0	1	1475	0	0	1	1476	0	0	1	1477	0	0	1	0.0
143	CES	0.0	1.0	8	1482	0	0	1	1483	0	0	1	1485	0	0	1	1484	0	0	1	1480	0	0	1	1481	0	0	1	1487	0	0	1	1486	0	0	1	1.0
144	CES	0.0	1.0	9	1496	0	0	1	1488	0	0	1	1493	0	0	1	1494	0	0	1	1495	0	0	1	1490	0	0	1	1489	0	0	1	1491	0	0	1	1492	0	0	1	1.0
145	CES	0.0	1.0	13	1502	0	0	1	1503	0	0	1	1504	0	0	1	1505	0	0	1	1506	0	0	1	1507	0	0	1	1508	0	0	1	1509	0	0	1	1497	0	0	1	1498	0	0	1	1499	0	0	1	1500	0	0	1	1501	0	0	1	1.0
146	CES	0.0	1.0	11	1520	0	0	1	1519	0	0	1	1518	0	0	1	1517	0	0	1	1511	0	0	1	1513	0	0	1	1510	0	0	1	1514	0	0	1	1512	0	0	1	1515	0	0	1	1516	0	0	1	1.0
147	CQS	0.0	1.0	10	1526	0	0	1	1523	0	0	1	1525	0	0	1	1530	0	0	1	1529	0	0	1	1521	0	0	1	1528	0	0	1	1524	0	0	1	1527	0	0	1	1522	0	0	1	0.0
148	CES	0.0	1.0	9	1537	0	0	1	1531	0	0	1	1538	0	0	1	1539	0	0	1	1534	0	0	1	1535	0	0	1	1533	0	0	1	1536	0	0	1	1532	0	0	1	1.0
149	CES	0.0	1.0	7	1541	0	0	1	1540	0	0	1	1546	0	0	1	1545	0	0	1	1544	0	0	1	1543	0	0	1	1542	0	0	1	1.0
150	CES	0.0	1.0	24	1556	0	0	1	1570	0	0	1	1569	0	0	1	1568	0	0	1	1567	0	0	1	1566	0	0	1	1547	0	0	1	1565	0	0	1	1548	0	0	1	1564	0	0	1	1549	0	0	1	1563	0	0	1	1550	0	0	1	1562	0	0	1	1551	0	0	1	1561	0	0	1	1552	0	0	1	1560	0	0	1	1553	0	0	1	1559	0	0	1	1554	0	0	1	1558	0	0	1	1555	0	0	1	1557	0	0	1	1.0
151	CES	0.0	1.0	15	1572	0	0	1	1573	0	0	1	1574	0	0	1	1575	0	0	1	1576	0	0	1	1577	0	0	1	1578	0	0	1	1579	0	0	1	1580	0	0	1	1581	0	0	1	1582	0	0	1	1583	0	0	1	1584	0	0	1	1585	0	0	1	1571	0	0	1	1.0
152	CES	0.0	1.0	17	1600	0	0	1	1602	0	0	1	1601	0	0	1	1586	0	0	1	1587	0	0	1	1588	0	0	1	1589	0	0	1	1590	0	0	1	1591	0	0	1	1592	0	0	1	1593	0	0	1	1594	0	0	1	1595	0	0	1	1596	0	0	1	1597	0	0	1	1598	0	0	1	1599	0	0	1	1.0
153	CES	0.0	1.0	9	1607	0	0	1	1603	0	0	1	1604	0	0	1	1605	0	0	1	1606	0	0	1	1608	0	0	1	1609	0	0	1	1610	0	0	1	1611	0	0	1	1.0
154	CES	0.0	1.0	7	1618	0	0	1	1612	0	0	1	1613	0	0	1	1614	0	0	1	1615	0	0	1	1616	0	0	1	1617	0	0	1	1.0
155	CES	0.0	1.0	6	1623	0	0	1	1619	0	0	1	1620	0	0	1	1621	0	0	1	1622	0	0	1	1624	0	0	1	1.0
156	CQS	0.0	1.0	9	1632	0	0	1	1625	0	0	1	1626	0	0	1	1627	0	0	1	1628	0	0	1	1629	0	0	1	1630	0	0	1	1631	0	0	1	1633	0	0	1	0.0
157	CES	0.0	1.0	12	1643	0	0	1	1634	0	0	1	1635	0	0	1	1636	0	0	1	1637	0	0	1	1638	0	0	1	1639	0	0	1	1640	0	0	1	1645	0	0	1	1641	0	0	1	1642	0	0	1	1644	0	0	1	1.0
158	CES	0.0	1.0	12	1654	0	0	1	1646	0	0	1	1647	0	0	1	1648	0	0	1	1649	0	0	1	1650	0	0	1	1651	0	0	1	1652	0	0	1	1653	0	0	1	1655	0	0	1	1656	0	0	1	1657	0	0	1	1.0
159	CES	0.0	1.0	8	1665	0	0	1	1658	0	0	1	1659	0	0	1	1660	0	0	1	1661	0	0	1	1662	0	0	1	1663	0	0	1	1664	0	0	1	1.0
160	CES	0.0	1.0	7	1671	0	0	1	1666	0	0	1	1667	0	0	1	1668	0	0	1	1669	0	0	1	1670	0	0	1	1672	0	0	1	1.0
161	CES	0.0	1.0	10	1681	0	0	1	1673	0	0	1	1674	0	0	1	1675	0	0	1	1676	0	0	1	1677	0	0	1	1678	0	0	1	1679	0	0	1	1680	0	0	1	1682	0	0	1	1.0
162	CES	0.0	1.0	9	1690	0	0	1	1683	0	0	1	1684	0	0	1	1685	0	0	1	1686	0	0	1	1687	0	0	1	1688	0	0	1	1689	0	0	1	1691	0	0	1	1.0
163	CES	0.0	1.0	12	1697	0	0	1	1692	0	0	1	1693	0	0	1	1694	0	0	1	1695	0	0	1	1696	0	0	1	1698	0	0	1	1699	0	0	1	1700	0	0	1	1701	0	0	1	1702	0	0	1	1703	0	0	1	1.0
164	CES	0.0	1.0	7	1708	0	0	1	1709	0	0	1	1710	0	0	1	1704	0	0	1	1705	0	0	1	1706	0	0	1	1707	0	0	1	1.0
165	CES	0.0	1.0	12	1717	0	0	1	1718	0	0	1	1719	0	0	1	1720	0	0	1	1722	0	0	1	1721	0	0	1	1711	0	0	1	1712	0	0	1	1713	0	0	1	1714	0	0	1	1715	0	0	1	1716	0	0	1	1.0
166	CES	0.0	1.0	16	1735	0	0	1	1723	0	0	1	1724	0	0	1	1725	0	0	1	1726	0	0	1	1727	0	0	1	1728	0	0	1	1729	0	0	1	1730	0	0	1	1731	0	0	1	1737	0	0	1	1732	0	0	1	1733	0	0	1	1734	0	0	1	1738	0	0	1	1736	0	0	1	1.0
167	CES	0.0	1.0	9	1747	0	0	1	1739	0	0	1	1740	0	0	1	1741	0	0	1	1742	0	0	1	1743	0	0	1	1744	0	0	1	1745	0	0	1	1746	0	0	1	1.0
168	CES	0.0	1.0	12	1748	0	0	1	1749	0	0	1	1750	0	0	1	1751	0	0	1	1752	0	0	1	1753	0	0	1	1754	0	0	1	1755	0	0	1	1756	0	0	1	1757	0	0	1	1758	0	0	1	1759	0	0	1	1.0
169	CES	0.0	1.0	13	1772	0	0	1	1771	0	0	1	1760	0	0	1	1761	0	0	1	1762	0	0	1	1763	0	0	1	1764	0	0	1	1765	0	0	1	1766	0	0	1	1767	0	0	1	1768	0	0	1	1769	0	0	1	1770	0	0	1	1.0
170	CES	0.0	1.0	9	1780	0	0	1	1773	0	0	1	1774	0	0	1	1775	0	0	1	1776	0	0	1	1777	0	0	1	1778	0	0	1	1779	0	0	1	1781	0	0	1	1.0
171	CES	0.0	1.0	2	1782	0	0	1	1783	0	0	1	1.0
172	CQS	0.0	1.0	8	1787	0	0	1	1784	0	0	1	1785	0	0	1	1786	0	0	1	1788	0	0	1	1789	0	0	1	1790	0	0	1	1791	0	0	1	0.0
173	CES	0.0	1.0	25	1816	0	0	1	1792	0	0	1	1793	0	0	1	1794	0	0	1	1795	0	0	1	1796	0	0	1	1797	0	0	1	1798	0	0	1	1799	0	0	1	1800	0	0	1	1801	0	0	1	1802	0	0	1	1803	0	0	1	1804	0	0	1	1805	0	0	1	1806	0	0	1	1807	0	0	1	1808	0	0	1	1809	0	0	1	1810	0	0	1	1811	0	0	1	1812	0	0	1	1813	0	0	1	1814	0	0	1	1815	0	0	1	1.0
174	CES	0.0	1.0	3	1818	0	0	1	1817	0	0	1	1819	0	0	1	1.0
175	CES	0.0	1.0	9	1826	0	0	1	1820	0	0	1	1821	0	0	1	1822	0	0	1	1823	0	0	1	1828	0	0	1	1824	0	0	1	1825	0	0	1	1827	0	0	1	1.0
176	CES	0.0	1.0	11	1836	0	0	1	1829	0	0	1	1830	0	0	1	1831	0	0	1	1832	0	0	1	1833	0	0	1	1834	0	0	1	1835	0	0	1	1837	0	0	1	1838	0	0	1	1839	0	0	1	1.0
177	CES	0.0	1.0	19	1858	0	0	1	1840	0	0	1	1841	0	0	1	1842	0	0	1	1843	0	0	1	1844	0	0	1	1845	0	0	1	1846	0	0	1	1847	0	0	1	1848	0	0	1	1849	0	0	1	1850	0	0	1	1851	0	0	1	1852	0	0	1	1853	0	0	1	1854	0	0	1	1855	0	0	1	1856	0	0	1	1857	0	0	1	1.0
178	CQS	0.0	1.0	5	1862	0	0	1	1859	0	0	1	1860	0	0	1	1861	0	0	1	1863	0	0	1	0.0
179	CQS	0.0	1.0	11	1873	0	0	1	1864	0	0	1	1865	0	0	1	1866	0	0	1	1867	0	0	1	1868	0	0	1	1869	0	0	1	1870	0	0	1	1871	0	0	1	1872	0	0	1	1874	0	0	1	0.0
180	CES	0.0	1.0	11	1882	0	0	1	1875	0	0	1	1876	0	0	1	1877	0	0	1	1878	0	0	1	1879	0	0	1	1880	0	0	1	1881	0	0	1	1883	0	0	1	1884	0	0	1	1885	0	0	1	1.0
181	CES	0.0	1.0	13	1898	0	0	1	1886	0	0	1	1887	0	0	1	1888	0	0	1	1889	0	0	1	1890	0	0	1	1891	0	0	1	1892	0	0	1	1893	0	0	1	1894	0	0	1	1895	0	0	1	1896	0	0	1	1897	0	0	1	1.0
182	CES	0.0	1.0	7	1904	0	0	1	1899	0	0	1	1900	0	0	1	1901	0	0	1	1902	0	0	1	1903	0	0	1	1905	0	0	1	1.0
183	CES	0.0	1.0	6	1910	0	0	1	1906	0	0	1	1907	0	0	1	1908	0	0	1	1909	0	0	1	1911	0	0	1	1.0
184	CES	0.0	1.0	14	1922	0	0	1	1912	0	0	1	1913	0	0	1	1914	0	0	1	1915	0	0	1	1916	0	0	1	1917	0	0	1	1918	0	0	1	1919	0	0	1	1920	0	0	1	1921	0	0	1	1924	0	0	1	1925	0	0	1	1923	0	0	1	1.0
185	CES	0.0	1.0	22	1942	0	0	1	1947	0	0	1	1946	0	0	1	1945	0	0	1	1944	0	0	1	1943	0	0	1	1941	0	0	1	1940	0	0	1	1939	0	0	1	1938	0	0	1	1937	0	0	1	1936	0	0	1	1935	0	0	1	1934	0	0	1	1933	0	0	1	1932	0	0	1	1931	0	0	1	1930	0	0	1	1929	0	0	1	1928	0	0	1	1927	0	0	1	1926	0	0	1	1.0
186	CQS	0.0	1.0	9	1952	0	0	1	1953	0	0	1	1951	0	0	1	1950	0	0	1	1948	0	0	1	1955	0	0	1	1949	0	0	1	1954	0	0	1	1956	0	0	1	0.0
187	CQS	0.0	1.0	11	1958	0	0	1	1959	0	0	1	1960	0	0	1	1961	0	0	1	1962	0	0	1	1963	0	0	1	1966	0	0	1	1964	0	0	1	1967	0	0	1	1965	0	0	1	1957	0	0	1	0.0
188	CES	0.0	1.0	4	1970	0	0	1	1969	0	0	1	1968	0	0	1	1971	0	0	1	1.0
189	CQS	0.0	1.0	9	1974	0	0	1	1980	0	0	1	1973	0	0	1	1976	0	0	1	1978	0	0	1	1975	0	0	1	1979	0	0	1	1972	0	0	1	1977	0	0	1	0.0
190	CES	0.0	1.0	8	1984	0	0	1	1982	0	0	1	1986	0	0	1	1985	0	0	1	1983	0	0	1	1981	0	0	1	1987	0	0	1	1988	0	0	1	1.0
191	CES	0.0	1.0	11	1999	0	0	1	1989	0	0	1	1990	0	0	1	1991	0	0	1	1992	0	0	1	1993	0	0	1	1994	0	0	1	1995	0	0	1	1996	0	0	1	1997	0	0	1	1998	0	0	1	1.0
192	CES	0.0	1.0	7	2003	0	0	1	2000	0	0	1	2001	0	0	1	2002	0	0	1	2004	0	0	1	2005	0	0	1	2006	0	0	1	1.0
193	CQS	0.0	1.0	8	2014	0	0	1	2008	0	0	1	2007	0	0	1	2010	0	0	1	2009	0	0	1	2013	0	0	1	2012	0	0	1	2011	0	0	1	0.0
194	CES	0.0	1.0	17	2016	0	0	1	2027	0	0	1	2017	0	0	1	2018	0	0	1	2030	0	0	1	2031	0	0	1	2022	0	0	1	2023	0	0	1	2024	0	0	1	2021	0	0	1	2020	0	0	1	2025	0	0	1	2029	0	0	1	2019	0	0	1	2015	0	0	1	2028	0	0	1	2026	0	0	1	1.0
195	CQS	0.0	1.0	7	2032	0	0	1	2038	0	0	1	2037	0	0	1	2035	0	0	1	2034	0	0	1	2036	0	0	1	2033	0	0	1	0.0
196	CQS	0.0	1.0	10	2045	0	0	1	2046	0	0	1	2043	0	0	1	2040	0	0	1	2039	0	0	1	2042	0	0	1	2041	0	0	1	2048	0	0	1	2044	0	0	1	2047	0	0	1	0.0
197	CES	0.0	1.0	6	2049	0	0	1	2050	0	0	1	2051	0	0	1	2052	0	0	1	2053	0	0	1	2054	0	0	1	1.0
198	CES	0.0	1.0	18	2055	0	0	1	2068	0	0	1	2067	0	0	1	2066	0	0	1	2070	0	0	1	2065	0	0	1	2071	0	0	1	2064	0	0	1	2063	0	0	1	2062	0	0	1	2072	0	0	1	2061	0	0	1	2056	0	0	1	2069	0	0	1	2060	0	0	1	2059	0	0	1	2058	0	0	1	2057	0	0	1	1.0
199	CES	0.0	1.0	2	2073	0	0	1	2074	0	0	1	1.0
200	CES	0.0	1.0	1	0	0	1	1	1.0
201	CES	0.0	1.0	1	1	0	1	1	1.0
202	CES	0.0	1.0	1	2	0	1	1	1.0
203	CES	0.0	1.0	1	3	0	1	1	1.0
204	CES	0.0	1.0	1	4	0	1	1	1.0
205	CES	0.0	1.0	1	5	0	1	1	1.0
206	CES	0.0	1.0	1	6	0	1	1	1.0
207	CES	0.0	1.0	1	7	0	1	1	1.0
208	CES	0.0	1.0	1	8	0	1	1	1.0
209	CES	0.0	1.0	1	9	0	1	1	1.0
210	CES	0.0	1.0	1	10	0	1	1	1.0
211	CES	0.0	1.0	1	11	0	1	1	1.0
212	CES	0.0	1.0	1	12	0	1	1	1.0
213	CES	0.0	1.0	1	13	0	1	1	1.0
214	CES	0.0	1.0	1	14	0	1	1	1.0
215	CES	0.0	1.0	1	15	0	1	1	1.0
216	CES	0.0	1.0	1	16	0	1	1	1.0
217	CES	0.0	1.0	1	17	0	1	1	1.0
218	CES	0.0	1.0	1	18	0	1	1	1.0
219	CES	0.0	1.0	1	19	0	1	1	1.0
220	CES	0.0	1.0	1	20	0	1	1	1.0
221	CES	0.0	1.0	1	21	0	1	1	1.0
222	CES	0.0	1.0	1	22	0	1	1	1.0
223	CES	0.0	1.0	1	23	0	1	1	1.0
224	CES	0.0	1.0	1	24	0	1	1	1.0
225	CES	0.0	1.0	1	25	0	1	1	1.0
226	CES	0.0	1.0	1	26	0	1	1	1.0
227	CES	0.0	1.0	1	27	0	1	1	1.0
228	CES	0.0	1.0	1	28	0	1	1	1.0
229	CES	0.0	1.0	1	29	0	1	1	1.0
230	CES	0.0	1.0	1	30	0	1	1	1.0
231	CES	0.0	1.0	1	31	0	1	1	1.0
232	CES	0.0	1.0	1	32	0	1	1	1.0
233	CES	0.0	1.0	1	33	0	1	1	1.0
234	CES	0.0	1.0	1	34	0	1	1	1.0
235	CES	0.0	1.0	1	35	0	1	1	1.0
236	CES	0.0	1.0	1	36	0	1	1	1.0
237	CES	0.0	1.0	1	37	0	1	1	1.0
238	CES	0.0	1.0	1	38	0	1	1	1.0
239	CES	0.0	1.0	1	39	0	1	1	1.0
240	CES	0.0	1.0	1	40	0	1	1	1.0
241	CES	0.0	1.0	1	41	0	1	1	1.0
242	CES	0.0	1.0	1	42	0	1	1	1.0
243	CES	0.0	1.0	1	43	0	1	1	1.0
244	CES	0.0	1.0	1	44	0	1	1	1.0
245	CES	0.0	1.0	1	45	0	1	1	1.0
246	CES	0.0	1.0	1	46	0	1	1	1.0
247	CES	0.0	1.0	1	47	0	1	1	1.0
248	CES	0.0	1.0	1	48	0	1	1	1.0
249	CES	0.0	1.0	1	49	0	1	1	1.0
250	CES	0.0	1.0	1	50	0	1	1	1.0
251	CES	0.0	1.0	1	51	0	1	1	1.0
252	CES	0.0	1.0	1	52	0	1	1	1.0
253	CES	0.0	1.0	1	53	0	1	1	1.0
254	CES	0.0	1.0	1	54	0	1	1	1.0
255	CES	0.0	1.0	1	55	0	1	1	1.0
256	CES	0.0	1.0	1	56	0	1	1	1.0
257	CES	0.0	1.0	1	57	0	1	1	1.0
258	CES	0.0	1.0	1	58	0	1	1	1.0
259	CES	0.0	1.0	1	59	0	1	1	1.0
260	CES	0.0	1.0	1	60	0	1	1	1.0
261	CES	0.0	1.0	1	61	0	1	1	1.0
262	CES	0.0	1.0	1	62	0	1	1	1.0
263	CES	0.0	1.0	1	63	0	1	1	1.0
264	CES	0.0	1.0	1	64	0	1	1	1.0
265	CES	0.0	1.0	1	65	0	1	1	1.0
266	CES	0.0	1.0	1	66	0	1	1	1.0
267	CES	0.0	1.0	1	67	0	1	1	1.0
268	CES	0.0	1.0	1	68	0	1	1	1.0
269	CES	0.0	1.0	1	69	0	1	1	1.0
270	CES	0.0	1.0	1	70	0	1	1	1.0
271	CES	0.0	1.0	1	71	0	1	1	1.0
272	CES	0.0	1.0	1	72	0	1	1	1.0
273	CES	0.0	1.0	1	73	0	1	1	1.0
274	CES	0.0	1.0	1	74	0	1	1	1.0
275	CES	0.0	1.0	1	75	0	1	1	1.0
276	CES	0.0	1.0	1	76	0	1	1	1.0
277	CES	0.0	1.0	1	77	0	1	1	1.0
278	CES	0.0	1.0	1	78	0	1	1	1.0
279	CES	0.0	1.0	1	79	0	1	1	1.0
280	CES	0.0	1.0	1	80	0	1	1	1.0
281	CES	0.0	1.0	1	81	0	1	1	1.0
282	CES	0.0	1.0	1	82	0	1	1	1.0
283	CES	0.0	1.0	1	83	0	1	1	1.0
284	CES	0.0	1.0	1	84	0	1	1	1.0
285	CES	0.0	1.0	1	85	0	1	1	1.0
286	CES	0.0	1.0	1	86	0	1	1	1.0
287	CES	0.0	1.0	1	87	0	1	1	1.0
288	CES	0.0	1.0	1	88	0	1	1	1.0
289	CES	0.0	1.0	1	89	0	1	1	1.0
290	CES	0.0	1.0	1	90	0	1	1	1.0
291	CES	0.0	1.0	1	91	0	1	1	1.0
292	CES	0.0	1.0	1	92	0	1	1	1.0
293	CES	0.0	1.0	1	93	0	1	1	1.0
294	CES	0.0	1.0	1	94	0	1	1	1.0
295	CES	0.0	1.0	1	95	0	1	1	1.0
296	CES	0.0	1.0	1	96	0	1	1	1.0
297	CES	0.0	1.0	1	97	0	1	1	1.0
298	CES	0.0	1.0	1	98	0	1	1	1.0
299	CES	0.0	1.0	1	99	0	1	1	1.0
300	CES	0.0	1.0	1	100	0	1	1	1.0
301	CES	0.0	1.0	1	101	0	1	1	1.0
302	CES	0.0	1.0	1	102	0	1	1	1.0
303	CES	0.0	1.0	1	103	0	1	1	1.0
304	CES	0.0	1.0	1	104	0	1	1	1.0
305	CES	0.0	1.0	1	105	0	1	1	1.0
306	CES	0.0	1.0	1	106	0	1	1	1.0
307	CES	0.0	1.0	1	107	0	1	1	1.0
308	CES	0.0	1.0	1	108	0	1	1	1.0
309	CES	0.0	1.0	1	109	0	1	1	1.0
310	CES	0.0	1.0	1	110	0	1	1	1.0
311	CES	0.0	1.0	1	111	0	1	1	1.0
312	CES	0.0	1.0	1	112	0	1	1	1.0
313	CES	0.0	1.0	1	113	0	1	1	1.0
314	CES	0.0	1.0	1	114	0	1	1	1.0
315	CES	0.0	1.0	1	115	0	1	1	1.0
316	CES	0.0	1.0	1	116	0	1	1	1.0
317	CES	0.0	1.0	1	117	0	1	1	1.0
318	CES	0.0	1.0	1	118	0	1	1	1.0
319	CES	0.0	1.0	1	119	0	1	1	1.0
320	CES	0.0	1.0	1	120	0	1	1	1.0
321	CES	0.0	1.0	1	121	0	1	1	1.0
322	CES	0.0	1.0	1	122	0	1	1	1.0
323	CES	0.0	1.0	1	123	0	1	1	1.0
324	CES	0.0	1.0	1	124	0	1	1	1.0
325	CES	0.0	1.0	1	125	0	1	1	1.0
326	CES	0.0	1.0	1	126	0	1	1	1.0
327	CES	0.0	1.0	1	127	0	1	1	1.0
328	CES	0.0	1.0	1	128	0	1	1	1.0
329	CES	0.0	1.0	1	129	0	1	1	1.0
330	CES	0.0	1.0	1	130	0	1	1	1.0
331	CES	0.0	1.0	1	131	0	1	1	1.0
332	CES	0.0	1.0	1	132	0	1	1	1.0
333	CES	0.0	1.0	1	133	0	1	1	1.0
334	CES	0.0	1.0	1	134	0	1	1	1.0
335	CES	0.0	1.0	1	135	0	1	1	1.0
336	CES	0.0	1.0	1	136	0	1	1	1.0
337	CES	0.0	1.0	1	137	0	1	1	1.0
338	CES	0.0	1.0	1	138	0	1	1	1.0
339	CES	0.0	1.0	1	139	0	1	1	1.0
340	CES	0.0	1.0	1	140	0	1	1	1.0
341	CES	0.0	1.0	1	141	0	1	1	1.0
342	CES	0.0	1.0	1	142	0	1	1	1.0
343	CES	0.0	1.0	1	143	0	1	1	1.0
344	CES	0.0	1.0	1	144	0	1	1	1.0
345	CES	0.0	1.0	1	145	0	1	1	1.0
346	CES	0.0	1.0	1	146	0	1	1	1.0
347	CES	0.0	1.0	1	147	0	1	1	1.0
348	CES	0.0	1.0	1	148	0	1	1	1.0
349	CES	0.0	1.0	1	149	0	1	1	1.0
350	CES	0.0	1.0	1	150	0	1	1	1.0
351	CES	0.0	1.0	1	151	0	1	1	1.0
352	CES	0.0	1.0	1	152	0	1	1	1.0
353	CES	0.0	1.0	1	153	0	1	1	1.0
354	CES	0.0	1.0	1	154	0	1	1	1.0
355	CES	0.0	1.0	1	155	0	1	1	1.0
356	CES	0.0	1.0	1	156	0	1	1	1.0
357	CES	0.0	1.0	1	157	0	1	1	1.0
358	CES	0.0	1.0	1	158	0	1	1	1.0
359	CES	0.0	1.0	1	159	0	1	1	1.0
360	CES	0.0	1.0	1	160	0	1	1	1.0
361	CES	0.0	1.0	1	161	0	1	1	1.0
362	CES	0.0	1.0	1	162	0	1	1	1.0
363	CES	0.0	1.0	1	163	0	1	1	1.0
364	CES	0.0	1.0	1	164	0	1	1	1.0
365	CES	0.0	1.0	1	165	0	1	1	1.0
366	CES	0.0	1.0	1	166	0	1	1	1.0
367	CES	0.0	1.0	1	167	0	1	1	1.0
368	CES	0.0	1.0	1	168	0	1	1	1.0
369	CES	0.0	1.0	1	169	0	1	1	1.0
370	CES	0.0	1.0	1	170	0	1	1	1.0
371	CES	0.0	1.0	1	171	0	1	1	1.0
372	CES	0.0	1.0	1	172	0	1	1	1.0
373	CES	0.0	1.0	1	173	0	1	1	1.0
374	CES	0.0	1.0	1	174	0	1	1	1.0
375	CES	0.0	1.0	1	175	0	1	1	1.0
376	CES	0.0	1.0	1	176	0	1	1	1.0
377	CES	0.0	1.0	1	177	0	1	1	1.0
378	CES	0.0	1.0	1	178	0	1	1	1.0
379	CES	0.0	1.0	1	179	0	1	1	1.0
380	CES	0.0	1.0	1	180	0	1	1	1.0
381	CES	0.0	1.0	1	181	0	1	1	1.0
382	CES	0.0	1.0	1	182	0	1	1	1.0
383	CES	0.0	1.0	1	183	0	1	1	1.0
384	CES	0.0	1.0	1	184	0	1	1	1.0
385	CES	0.0	1.0	1	185	0	1	1	1.0
386	CES	0.0	1.0	1	186	0	1	1	1.0
387	CES	0.0	1.0	1	187	0	1	1	1.0
388	CES	0.0	1.0	1	188	0	1	1	1.0
389	CES	0.0	1.0	1	189	0	1	1	1.0
390	CES	0.0	1.0	1	190	0	1	1	1.0
391	CES	0.0	1.0	1	191	0	1	1	1.0
392	CES	0.0	1.0	1	192	0	1	1	1.0
393	CES	0.0	1.0	1	193	0	1	1	1.0
394	CES	0.0	1.0	1	194	0	1	1	1.0
395	CES	0.0	1.0	1	195	0	1	1	1.0
396	CES	0.0	1.0	1	196	0	1	1	1.0
397	CES	0.0	1.0	1	197	0	1	1	1.0
398	CES	0.0	1.0	1	198	0	1	1	1.0
399	CES	0.0	1.0	1	199	0	1	1	1.0
400	CES	0.0	1.0	1	200	0	1	1	1.0
401	CES	0.0	1.0	1	201	0	1	1	1.0
402	CES	0.0	1.0	1	202	0	1	1	1.0
403	CES	0.0	1.0	1	203	0	1	1	1.0
404	CES	0.0	1.0	1	204	0	1	1	1.0
405	CES	0.0	1.0	1	205	0	1	1	1.0
406	CES	0.0	1.0	1	206	0	1	1	1.0
407	CES	0.0	1.0	1	207	0	1	1	1.0
408	CES	0.0	1.0	1	208	0	1	1	1.0
409	CES	0.0	1.0	1	209	0	1	1	1.0
410	CES	0.0	1.0	1	210	0	1	1	1.0
411	CES	0.0	1.0	1	211	0	1	1	1.0
412	CES	0.0	1.0	1	212	0	1	1	1.0
413	CES	0.0	1.0	1	213	0	1	1	1.0
414	CES	0.0	1.0	1	214	0	1	1	1.0
415	CES	0.0	1.0	1	215	0	1	1	1.0
416	CES	0.0	1.0	1	216	0	1	1	1.0
417	CES	0.0	1.0	1	217	0	1	1	1.0
418	CES	0.0	1.0	1	218	0	1	1	1.0
419	CES	0.0	1.0	1	219	0	1	1	1.0
420	CES	0.0	1.0	1	220	0	1	1	1.0
421	CES	0.0	1.0	1	221	0	1	1	1.0
422	CES	0.0	1.0	1	222	0	1	1	1.0
423	CES	0.0	1.0	1	223	0	1	1	1.0
424	CES	0.0	1.0	1	224	0	1	1	1.0
425	CES	0.0	1.0	1	225	0	1	1	1.0
426	CES	0.0	1.0	1	226	0	1	1	1.0
427	CES	0.0	1.0	1	227	0	1	1	1.0
428	CES	0.0	1.0	1	228	0	1	1	1.0
429	CES	0.0	1.0	1	229	0	1	1	1.0
430	CES	0.0	1.0	1	230	0	1	1	1.0
431	CES	0.0	1.0	1	231	0	1	1	1.0
432	CES	0.0	1.0	1	232	0	1	1	1.0
433	CES	0.0	1.0	1	233	0	1	1	1.0
434	CES	0.0	1.0	1	234	0	1	1	1.0
435	CES	0.0	1.0	1	235	0	1	1	1.0
436	CES	0.0	1.0	1	236	0	1	1	1.0
437	CES	0.0	1.0	1	237	0	1	1	1.0
438	CES	0.0	1.0	1	238	0	1	1	1.0
439	CES	0.0	1.0	1	239	0	1	1	1.0
440	CES	0.0	1.0	1	240	0	1	1	1.0
441	CES	0.0	1.0	1	241	0	1	1	1.0
442	CES	0.0	1.0	1	242	0	1	1	1.0
443	CES	0.0	1.0	1	243	0	1	1	1.0
444	CES	0.0	1.0	1	244	0	1	1	1.0
445	CES	0.0	1.0	1	245	0	1	1	1.0
446	CES	0.0	1.0	1	246	0	1	1	1.0
447	CES	0.0	1.0	1	247	0	1	1	1.0
448	CES	0.0	1.0	1	248	0	1	1	1.0
449	CES	0.0	1.0	1	249	0	1	1	1.0
450	CES	0.0	1.0	1	250	0	1	1	1.0
451	CES	0.0	1.0	1	251	0	1	1	1.0
452	CES	0.0	1.0	1	252	0	1	1	1.0
453	CES	0.0	1.0	1	253	0	1	1	1.0
454	CES	0.0	1.0	1	254	0	1	1	1.0
455	CES	0.0	1.0	1	255	0	1	1	1.0
456	CES	0.0	1.0	1	256	0	1	1	1.0
457	CES	0.0	1.0	1	257	0	1	1	1.0
458	CES	0.0	1.0	1	258	0	1	1	1.0
459	CES	0.0	1.0	1	259	0	1	1	1.0
460	CES	0.0	1.0	1	260	0	1	1	1.0
461	CES	0.0	1.0	1	261	0	1	1	1.0
462	CES	0.0	1.0	1	262	0	1	1	1.0
463	CES	0.0	1.0	1	263	0	1	1	1.0
464	CES	0.0	1.0	1	264	0	1	1	1.0
465	CES	0.0	1.0	1	265	0	1	1	1.0
466	CES	0.0	1.0	1	266	0	1	1	1.0
467	CES	0.0	1.0	1	267	0	1	1	1.0
468	CES	0.0	1.0	1	268	0	1	1	1.0
469	CES	0.0	1.0	1	269	0	1	1	1.0
470	CES	0.0	1.0	1	270	0	1	1	1.0
471	CES	0.0	1.0	1	271	0	1	1	1.0
472	CES	0.0	1.0	1	272	0	1	1	1.0
473	CES	0.0	1.0	1	273	0	1	1	1.0
474	CES	0.0	1.0	1	274	0	1	1	1.0
475	CES	0.0	1.0	1	275	0	1	1	1.0
476	CES	0.0	1.0	1	276	0	1	1	1.0
477	CES	0.0	1.0	1	277	0	1	1	1.0
478	CES	0.0	1.0	1	278	0	1	1	1.0
479	CES	0.0	1.0	1	279	0	1	1	1.0
480	CES	0.0	1.0	1	280	0	1	1	1.0
481	CES	0.0	1.0	1	281	0	1	1	1.0
482	CES	0.0	1.0	1	282	0	1	1	1.0
483	CES	0.0	1.0	1	283	0	1	1	1.0
484	CES	0.0	1.0	1	284	0	1	1	1.0
485	CES	0.0	1.0	1	285	0	1	1	1.0
486	CES	0.0	1.0	1	286	0	1	1	1.0
487	CES	0.0	1.0	1	287	0	1	1	1.0
488	CES	0.0	1.0	1	288	0	1	1	1.0
489	CES	0.0	1.0	1	289	0	1	1	1.0
490	CES	0.0	1.0	1	290	0	1	1	1.0
491	CES	0.0	1.0	1	291	0	1	1	1.0
492	CES	0.0	1.0	1	292	0	1	1	1.0
493	CES	0.0	1.0	1	293	0	1	1	1.0
494	CES	0.0	1.0	1	294	0	1	1	1.0
495	CES	0.0	1.0	1	295	0	1	1	1.0
496	CES	0.0	1.0	1	296	0	1	1	1.0
497	CES	0.0	1.0	1	297	0	1	1	1.0
498	CES	0.0	1.0	1	298	0	1	1	1.0
499	CES	0.0	1.0	1	299	0	1	1	1.0
500	CES	0.0	1.0	1	300	0	1	1	1.0
501	CES	0.0	1.0	1	301	0	1	1	1.0
502	CES	0.0	1.0	1	302	0	1	1	1.0
503	CES	0.0	1.0	1	303	0	1	1	1.0
504	CES	0.0	1.0	1	304	0	1	1	1.0
505	CES	0.0	1.0	1	305	0	1	1	1.0
506	CES	0.0	1.0	1	306	0	1	1	1.0
507	CES	0.0	1.0	1	307	0	1	1	1.0
508	CES	0.0	1.0	1	308	0	1	1	1.0
509	CES	0.0	1.0	1	309	0	1	1	1.0
510	CES	0.0	1.0	1	310	0	1	1	1.0
511	CES	0.0	1.0	1	311	0	1	1	1.0
512	CES	0.0	1.0	1	312	0	1	1	1.0
513	CES	0.0	1.0	1	313	0	1	1	1.0
514	CES	0.0	1.0	1	314	0	1	1	1.0
515	CES	0.0	1.0	1	315	0	1	1	1.0
516	CES	0.0	1.0	1	316	0	1	1	1.0
517	CES	0.0	1.0	1	317	0	1	1	1.0
518	CES	0.0	1.0	1	318	0	1	1	1.0
519	CES	0.0	1.0	1	319	0	1	1	1.0
520	CES	0.0	1.0	1	320	0	1	1	1.0
521	CES	0.0	1.0	1	321	0	1	1	1.0
522	CES	0.0	1.0	1	322	0	1	1	1.0
523	CES	0.0	1.0	1	323	0	1	1	1.0
524	CES	0.0	1.0	1	324	0	1	1	1.0
525	CES	0.0	1.0	1	325	0	1	1	1.0
526	CES	0.0	1.0	1	326	0	1	1	1.0
527	CES	0.0	1.0	1	327	0	1	1	1.0
528	CES	0.0	1.0	1	328	0	1	1	1.0
529	CES	0.0	1.0	1	329	0	1	1	1.0
530	CES	0.0	1.0	1	330	0	1	1	1.0
531	CES	0.0	1.0	1	331	0	1	1	1.0
532	CES	0.0	1.0	1	332	0	1	1	1.0
533	CES	0.0	1.0	1	333	0	1	1	1.0
534	CES	0.0	1.0	1	334	0	1	1	1.0
535	CES	0.0	1.0	1	335	0	1	1	1.0
536	CES	0.0	1.0	1	336	0	1	1	1.0
537	CES	0.0	1.0	1	337	0	1	1	1.0
538	CES	0.0	1.0	1	338	0	1	1	1.0
539	CES	0.0	1.0	1	339	0	1	1	1.0
540	CES	0.0	1.0	1	340	0	1	1	1.0
541	CES	0.0	1.0	1	341	0	1	1	1.0
542	CES	0.0	1.0	1	342	0	1	1	1.0
543	CES	0.0	1.0	1	343	0	1	1	1.0
544	CES	0.0	1.0	1	344	0	1	1	1.0
545	CES	0.0	1.0	1	345	0	1	1	1.0
546	CES	0.0	1.0	1	346	0	1	1	1.0
547	CES	0.0	1.0	1	347	0	1	1	1.0
548	CES	0.0	1.0	1	348	0	1	1	1.0
549	CES	0.0	1.0	1	349	0	1	1	1.0
550	CES	0.0	1.0	1	350	0	1	1	1.0
551	CES	0.0	1.0	1	351	0	1	1	1.0
552	CES	0.0	1.0	1	352	0	1	1	1.0
553	CES	0.0	1.0	1	353	0	1	1	1.0
554	CES	0.0	1.0	1	354	0	1	1	1.0
555	CES	0.0	1.0	1	355	0	1	1	1.0
556	CES	0.0	1.0	1	356	0	1	1	1.0
557	CES	0.0	1.0	1	357	0	1	1	1.0
558	CES	0.0	1.0	1	358	0	1	1	1.0
559	CES	0.0	1.0	1	359	0	1	1	1.0
560	CES	0.0	1.0	1	360	0	1	1	1.0
561	CES	0.0	1.0	1	361	0	1	1	1.0
562	CES	0.0	1.0	1	362	0	1	1	1.0
563	CES	0.0	1.0	1	363	0	1	1	1.0
564	CES	0.0	1.0	1	364	0	1	1	1.0
565	CES	0.0	1.0	1	365	0	1	1	1.0
566	CES	0.0	1.0	1	366	0	1	1	1.0
567	CES	0.0	1.0	1	367	0	1	1	1.0
568	CES	0.0	1.0	1	368	0	1	1	1.0
569	CES	0.0	1.0	1	369	0	1	1	1.0
570	CES	0.0	1.0	1	370	0	1	1	1.0
571	CES	0.0	1.0	1	371	0	1	1	1.0
572	CES	0.0	1.0	1	372	0	1	1	1.0
573	CES	0.0	1.0	1	373	0	1	1	1.0
574	CES	0.0	1.0	1	374	0	1	1	1.0
575	CES	0.0	1.0	1	375	0	1	1	1.0
576	CES	0.0	1.0	1	376	0	1	1	1.0
577	CES	0.0	1.0	1	377	0	1	1	1.0
578	CES	0.0	1.0	1	378	0	1	1	1.0
579	CES	0.0	1.0	1	379	0	1	1	1.0
580	CES	0.0	1.0	1	380	0	1	1	1.0
581	CES	0.0	1.0	1	381	0	1	1	1.0
582	CES	0.0	1.0	1	382	0	1	1	1.0
583	CES	0.0	1.0	1	383	0	1	1	1.0
584	CES	0.0	1.0	1	384	0	1	1	1.0
585	CES	0.0	1.0	1	385	0	1	1	1.0
586	CES	0.0	1.0	1	386	0	1	1	1.0
587	CES	0.0	1.0	1	387	0	1	1	1.0
588	CES	0.0	1.0	1	388	0	1	1	1.0
589	CES	0.0	1.0	1	389	0	1	1	1.0
590	CES	0.0	1.0	1	390	0	1	1	1.0
591	CES	0.0	1.0	1	391	0	1	1	1.0
592	CES	0.0	1.0	1	392	0	1	1	1.0
593	CES	0.0	1.0	1	393	0	1	1	1.0
594	CES	0.0	1.0	1	394	0	1	1	1.0
595	CES	0.0	1.0	1	395	0	1	1	1.0
596	CES	0.0	1.0	1	396	0	1	1	1.0
597	CES	0.0	1.0	1	397	0	1	1	1.0
598	CES	0.0	1.0	1	398	0	1	1	1.0
599	CES	0.0	1.0	1	399	0	1	1	1.0
600	CES	0.0	1.0	1	400	0	1	1	1.0
601	CES	0.0	1.0	1	401	0	1	1	1.0
602	CES	0.0	1.0	1	402	0	1	1	1.0
603	CES	0.0	1.0	1	403	0	1	1	1.0
604	CES	0.0	1.0	1	404	0	1	1	1.0
605	CES	0.0	1.0	1	405	0	1	1	1.0
606	CES	0.0	1.0	1	406	0	1	1	1.0
607	CES	0.0	1.0	1	407	0	1	1	1.0
608	CES	0.0	1.0	1	408	0	1	1	1.0
609	CES	0.0	1.0	1	409	0	1	1	1.0
610	CES	0.0	1.0	1	410	0	1	1	1.0
611	CES	0.0	1.0	1	411	0	1	1	1.0
612	CES	0.0	1.0	1	412	0	1	1	1.0
613	CES	0.0	1.0	1	413	0	1	1	1.0
614	CES	0.0	1.0	1	414	0	1	1	1.0
615	CES	0.0	1.0	1	415	0	1	1	1.0
616	CES	0.0	1.0	1	416	0	1	1	1.0
617	CES	0.0	1.0	1	417	0	1	1	1.0
618	CES	0.0	1.0	1	418	0	1	1	1.0
619	CES	0.0	1.0	1	419	0	1	1	1.0
620	CES	0.0	1.0	1	420	0	1	1	1.0
621	CES	0.0	1.0	1	421	0	1	1	1.0
622	CES	0.0	1.0	1	422	0	1	1	1.0
623	CES	0.0	1.0	1	423	0	1	1	1.0
624	CES	0.0	1.0	1	424	0	1	1	1.0
625	CES	0.0	1.0	1	425	0	1	1	1.0
626	CES	0.0	1.0	1	426	0	1	1	1.0
627	CES	0.0	1.0	1	427	0	1	1	1.0
628	CES	0.0	1.0	1	428	0	1	1	1.0
629	CES	0.0	1.0	1	429	0	1	1	1.0
630	CES	0.0	1.0	1	430	0	1	1	1.0
631	CES	0.0	1.0	1	431	0	1	1	1.0
632	CES	0.0	1.0	1	432	0	1	1	1.0
633	CES	0.0	1.0	1	433	0	1	1	1.0
634	CES	0.0	1.0	1	434	0	1	1	1.0
635	CES	0.0	1.0	1	435	0	1	1	1.0
636	CES	0.0	1.0	1	436	0	1	1	1.0
637	CES	0.0	1.0	1	437	0	1	1	1.0
638	CES	0.0	1.0	1	438	0	1	1	1.0
639	CES	0.0	1.0	1	439	0	1	1	1.0
640	CES	0.0	1.0	1	440	0	1	1	1.0
641	CES	0.0	1.0	1	441	0	1	1	1.0
642	CES	0.0	1.0	1	442	0	1	1	1.0
643	CES	0.0	1.0	1	443	0	1	1	1.0
644	CES	0.0	1.0	1	444	0	1	1	1.0
645	CES	0.0	1.0	1	445	0	1	1	1.0
646	CES	0.0	1.0	1	446	0	1	1	1.0
647	CES	0.0	1.0	1	447	0	1	1	1.0
648	CES	0.0	1.0	1	448	0	1	1	1.0
649	CES	0.0	1.0	1	449	0	1	1	1.0
650	CES	0.0	1.0	1	450	0	1	1	1.0
651	CES	0.0	1.0	1	451	0	1	1	1.0
652	CES	0.0	1.0	1	452	0	1	1	1.0
653	CES	0.0	1.0	1	453	0	1	1	1.0
654	CES	0.0	1.0	1	454	0	1	1	1.0
655	CES	0.0	1.0	1	455	0	1	1	1.0
656	CES	0.0	1.0	1	456	0	1	1	1.0
657	CES	0.0	1.0	1	457	0	1	1	1.0
658	CES	0.0	1.0	1	458	0	1	1	1.0
659	CES	0.0	1.0	1	459	0	1	1	1.0
660	CES	0.0	1.0	1	460	0	1	1	1.0
661	CES	0.0	1.0	1	461	0	1	1	1.0
662	CES	0.0	1.0	1	462	0	1	1	1.0
663	CES	0.0	1.0	1	463	0	1	1	1.0
664	CES	0.0	1.0	1	464	0	1	1	1.0
665	CES	0.0	1.0	1	465	0	1	1	1.0
666	CES	0.0	1.0	1	466	0	1	1	1.0
667	CES	0.0	1.0	1	467	0	1	1	1.0
668	CES	0.0	1.0	1	468	0	1	1	1.0
669	CES	0.0	1.0	1	469	0	1	1	1.0
670	CES	0.0	1.0	1	470	0	1	1	1.0
671	CES	0.0	1.0	1	471	0	1	1	1.0
672	CES	0.0	1.0	1	472	0	1	1	1.0
673	CES	0.0	1.0	1	473	0	1	1	1.0
674	CES	0.0	1.0	1	474	0	1	1	1.0
675	CES	0.0	1.0	1	475	0	1	1	1.0
676	CES	0.0	1.0	1	476	0	1	1	1.0
677	CES	0.0	1.0	1	477	0	1	1	1.0
678	CES	0.0	1.0	1	478	0	1	1	1.0
679	CES	0.0	1.0	1	479	0	1	1	1.0
680	CES	0.0	1.0	1	480	0	1	1	1.0
681	CES	0.0	1.0	1	481	0	1	1	1.0
682	CES	0.0	1.0	1	482	0	1	1	1.0
683	CES	0.0	1.0	1	483	0	1	1	1.0
684	CES	0.0	1.0	1	484	0	1	1	1.0
685	CES	0.0	1.0	1	485	0	1	1	1.0
686	CES	0.0	1.0	1	486	0	1	1	1.0
687	CES	0.0	1.0	1	487	0	1	1	1.0
688	CES	0.0	1.0	1	488	0	1	1	1.0
689	CES	0.0	1.0	1	489	0	1	1	1.0
690	CES	0.0	1.0	1	490	0	1	1	1.0
691	CES	0.0	1.0	1	491	0	1	1	1.0
692	CES	0.0	1.0	1	492	0	1	1	1.0
693	CES	0.0	1.0	1	493	0	1	1	1.0
694	CES	0.0	1.0	1	494	0	1	1	1.0
695	CES	0.0	1.0	1	495	0	1	1	1.0
696	CES	0.0	1.0	1	496	0	1	1	1.0
697	CES	0.0	1.0	1	497	0	1	1	1.0
698	CES	0.0	1.0	1	498	0	1	1	1.0
699	CES	0.0	1.0	1	499	0	1	1	1.0
700	CES	0.0	1.0	1	500	0	1	1	1.0
701	CES	0.0	1.0	1	501	0	1	1	1.0
702	CES	0.0	1.0	1	502	0	1	1	1.0
703	CES	0.0	1.0	1	503	0	1	1	1.0
704	CES	0.0	1.0	1	504	0	1	1	1.0
705	CES	0.0	1.0	1	505	0	1	1	1.0
706	CES	0.0	1.0	1	506	0	1	1	1.0
707	CES	0.0	1.0	1	507	0	1	1	1.0
708	CES	0.0	1.0	1	508	0	1	1	1.0
709	CES	0.0	1.0	1	509	0	1	1	1.0
710	CES	0.0	1.0	1	510	0	1	1	1.0
711	CES	0.0	1.0	1	511	0	1	1	1.0
712	CES	0.0	1.0	1	512	0	1	1	1.0
713	CES	0.0	1.0	1	513	0	1	1	1.0
714	CES	0.0	1.0	1	514	0	1	1	1.0
715	CES	0.0	1.0	1	515	0	1	1	1.0
716	CES	0.0	1.0	1	516	0	1	1	1.0
717	CES	0.0	1.0	1	517	0	1	1	1.0
718	CES	0.0	1.0	1	518	0	1	1	1.0
719	CES	0.0	1.0	1	519	0	1	1	1.0
720	CES	0.0	1.0	1	520	0	1	1	1.0
721	CES	0.0	1.0	1	521	0	1	1	1.0
722	CES	0.0	1.0	1	522	0	1	1	1.0
723	CES	0.0	1.0	1	523	0	1	1	1.0
724	CES	0.0	1.0	1	524	0	1	1	1.0
725	CES	0.0	1.0	1	525	0	1	1	1.0
726	CES	0.0	1.0	1	526	0	1	1	1.0
727	CES	0.0	1.0	1	527	0	1	1	1.0
728	CES	0.0	1.0	1	528	0	1	1	1.0
729	CES	0.0	1.0	1	529	0	1	1	1.0
730	CES	0.0	1.0	1	530	0	1	1	1.0
731	CES	0.0	1.0	1	531	0	1	1	1.0
732	CES	0.0	1.0	1	532	0	1	1	1.0
733	CES	0.0	1.0	1	533	0	1	1	1.0
734	CES	0.0	1.0	1	534	0	1	1	1.0
735	CES	0.0	1.0	1	535	0	1	1	1.0
736	CES	0.0	1.0	1	536	0	1	1	1.0
737	CES	0.0	1.0	1	537	0	1	1	1.0
738	CES	0.0	1.0	1	538	0	1	1	1.0
739	CES	0.0	1.0	1	539	0	1	1	1.0
740	CES	0.0	1.0	1	540	0	1	1	1.0
741	CES	0.0	1.0	1	541	0	1	1	1.0
742	CES	0.0	1.0	1	542	0	1	1	1.0
743	CES	0.0	1.0	1	543	0	1	1	1.0
744	CES	0.0	1.0	1	544	0	1	1	1.0
745	CES	0.0	1.0	1	545	0	1	1	1.0
746	CES	0.0	1.0	1	546	0	1	1	1.0
747	CES	0.0	1.0	1	547	0	1	1	1.0
748	CES	0.0	1.0	1	548	0	1	1	1.0
749	CES	0.0	1.0	1	549	0	1	1	1.0
750	CES	0.0	1.0	1	550	0	1	1	1.0
751	CES	0.0	1.0	1	551	0	1	1	1.0
752	CES	0.0	1.0	1	552	0	1	1	1.0
753	CES	0.0	1.0	1	553	0	1	1	1.0
754	CES	0.0	1.0	1	554	0	1	1	1.0
755	CES	0.0	1.0	1	555	0	1	1	1.0
756	CES	0.0	1.0	1	556	0	1	1	1.0
757	CES	0.0	1.0	1	557	0	1	1	1.0
758	CES	0.0	1.0	1	558	0	1	1	1.0
759	CES	0.0	1.0	1	559	0	1	1	1.0
760	CES	0.0	1.0	1	560	0	1	1	1.0
761	CES	0.0	1.0	1	561	0	1	1	1.0
762	CES	0.0	1.0	1	562	0	1	1	1.0
763	CES	0.0	1.0	1	563	0	1	1	1.0
764	CES	0.0	1.0	1	564	0	1	1	1.0
765	CES	0.0	1.0	1	565	0	1	1	1.0
766	CES	0.0	1.0	1	566	0	1	1	1.0
767	CES	0.0	1.0	1	567	0	1	1	1.0
768	CES	0.0	1.0	1	568	0	1	1	1.0
769	CES	0.0	1.0	1	569	0	1	1	1.0
770	CES	0.0	1.0	1	570	0	1	1	1.0
771	CES	0.0	1.0	1	571	0	1	1	1.0
772	CES	0.0	1.0	1	572	0	1	1	1.0
773	CES	0.0	1.0	1	573	0	1	1	1.0
774	CES	0.0	1.0	1	574	0	1	1	1.0
775	CES	0.0	1.0	1	575	0	1	1	1.0
776	CES	0.0	1.0	1	576	0	1	1	1.0
777	CES	0.0	1.0	1	577	0	1	1	1.0
778	CES	0.0	1.0	1	578	0	1	1	1.0
779	CES	0.0	1.0	1	579	0	1	1	1.0
780	CES	0.0	1.0	1	580	0	1	1	1.0
781	CES	0.0	1.0	1	581	0	1	1	1.0
782	CES	0.0	1.0	1	582	0	1	1	1.0
783	CES	0.0	1.0	1	583	0	1	1	1.0
784	CES	0.0	1.0	1	584	0	1	1	1.0
785	CES	0.0	1.0	1	585	0	1	1	1.0
786	CES	0.0	1.0	1	586	0	1	1	1.0
787	CES	0.0	1.0	1	587	0	1	1	1.0
788	CES	0.0	1.0	1	588	0	1	1	1.0
789	CES	0.0	1.0	1	589	0	1	1	1.0
790	CES	0.0	1.0	1	590	0	1	1	1.0
791	CES	0.0	1.0	1	591	0	1	1	1.0
792	CES	0.0	1.0	1	592	0	1	1	1.0
793	CES	0.0	1.0	1	593	0	1	1	1.0
794	CES	0.0	1.0	1	594	0	1	1	1.0
795	CES	0.0	1.0	1	595	0	1	1	1.0
796	CES	0.0	1.0	1	596	0	1	1	1.0
797	CES	0.0	1.0	1	597	0	1	1	1.0
798	CES	0.0	1.0	1	598	0	1	1	1.0
799	CES	0.0	1.0	1	599	0	1	1	1.0
800	CES	0.0	1.0	1	600	0	1	1	1.0
801	CES	0.0	1.0	1	601	0	1	1	1.0
802	CES	0.0	1.0	1	602	0	1	1	1.0
803	CES	0.0	1.0	1	603	0	1	1	1.0
804	CES	0.0	1.0	1	604	0	1	1	1.0
805	CES	0.0	1.0	1	605	0	1	1	1.0
806	CES	0.0	1.0	1	606	0	1	1	1.0
807	CES	0.0	1.0	1	607	0	1	1	1.0
808	CES	0.0	1.0	1	608	0	1	1	1.0
809	CES	0.0	1.0	1	609	0	1	1	1.0
810	CES	0.0	1.0	1	610	0	1	1	1.0
811	CES	0.0	1.0	1	611	0	1	1	1.0
812	CES	0.0	1.0	1	612	0	1	1	1.0
813	CES	0.0	1.0	1	613	0	1	1	1.0
814	CES	0.0	1.0	1	614	0	1	1	1.0
815	CES	0.0	1.0	1	615	0	1	1	1.0
816	CES	0.0	1.0	1	616	0	1	1	1.0
817	CES	0.0	1.0	1	617	0	1	1	1.0
818	CES	0.0	1.0	1	618	0	1	1	1.0
819	CES	0.0	1.0	1	619	0	1	1	1.0
820	CES	0.0	1.0	1	620	0	1	1	1.0
821	CES	0.0	1.0	1	621	0	1	1	1.0
822	CES	0.0	1.0	1	622	0	1	1	1.0
823	CES	0.0	1.0	1	623	0	1	1	1.0
824	CES	0.0	1.0	1	624	0	1	1	1.0
825	CES	0.0	1.0	1	625	0	1	1	1.0
826	CES	0.0	1.0	1	626	0	1	1	1.0
827	CES	0.0	1.0	1	627	0	1	1	1.0
828	CES	0.0	1.0	1	628	0	1	1	1.0
829	CES	0.0	1.0	1	629	0	1	1	1.0
830	CES	0.0	1.0	1	630	0	1	1	1.0
831	CES	0.0	1.0	1	631	0	1	1	1.0
832	CES	0.0	1.0	1	632	0	1	1	1.0
833	CES	0.0	1.0	1	633	0	1	1	1.0
834	CES	0.0	1.0	1	634	0	1	1	1.0
835	CES	0.0	1.0	1	635	0	1	1	1.0
836	CES	0.0	1.0	1	636	0	1	1	1.0
837	CES	0.0	1.0	1	637	0	1	1	1.0
838	CES	0.0	1.0	1	638	0	1	1	1.0
839	CES	0.0	1.0	1	639	0	1	1	1.0
840	CES	0.0	1.0	1	640	0	1	1	1.0
841	CES	0.0	1.0	1	641	0	1	1	1.0
842	CES	0.0	1.0	1	642	0	1	1	1.0
843	CES	0.0	1.0	1	643	0	1	1	1.0
844	CES	0.0	1.0	1	644	0	1	1	1.0
845	CES	0.0	1.0	1	645	0	1	1	1.0
846	CES	0.0	1.0	1	646	0	1	1	1.0
847	CES	0.0	1.0	1	647	0	1	1	1.0
848	CES	0.0	1.0	1	648	0	1	1	1.0
849	CES	0.0	1.0	1	649	0	1	1	1.0
850	CES	0.0	1.0	1	650	0	1	1	1.0
851	CES	0.0	1.0	1	651	0	1	1	1.0
852	CES	0.0	1.0	1	652	0	1	1	1.0
853	CES	0.0	1.0	1	653	0	1	1	1.0
854	CES	0.0	1.0	1	654	0	1	1	1.0
855	CES	0.0	1.0	1	655	0	1	1	1.0
856	CES	0.0	1.0	1	656	0	1	1	1.0
857	CES	0.0	1.0	1	657	0	1	1	1.0
858	CES	0.0	1.0	1	658	0	1	1	1.0
859	CES	0.0	1.0	1	659	0	1	1	1.0
860	CES	0.0	1.0	1	660	0	1	1	1.0
861	CES	0.0	1.0	1	661	0	1	1	1.0
862	CES	0.0	1.0	1	662	0	1	1	1.0
863	CES	0.0	1.0	1	663	0	1	1	1.0
864	CES	0.0	1.0	1	664	0	1	1	1.0
865	CES	0.0	1.0	1	665	0	1	1	1.0
866	CES	0.0	1.0	1	666	0	1	1	1.0
867	CES	0.0	1.0	1	667	0	1	1	1.0
868	CES	0.0	1.0	1	668	0	1	1	1.0
869	CES	0.0	1.0	1	669	0	1	1	1.0
870	CES	0.0	1.0	1	670	0	1	1	1.0
871	CES	0.0	1.0	1	671	0	1	1	1.0
872	CES	0.0	1.0	1	672	0	1	1	1.0
873	CES	0.0	1.0	1	673	0	1	1	1.0
874	CES	0.0	1.0	1	674	0	1	1	1.0
875	CES	0.0	1.0	1	675	0	1	1	1.0
876	CES	0.0	1.0	1	676	0	1	1	1.0
877	CES	0.0	1.0	1	677	0	1	1	1.0
878	CES	0.0	1.0	1	678	0	1	1	1.0
879	CES	0.0	1.0	1	679	0	1	1	1.0
880	CES	0.0	1.0	1	680	0	1	1	1.0
881	CES	0.0	1.0	1	681	0	1	1	1.0
882	CES	0.0	1.0	1	682	0	1	1	1.0
883	CES	0.0	1.0	1	683	0	1	1	1.0
884	CES	0.0	1.0	1	684	0	1	1	1.0
885	CES	0.0	1.0	1	685	0	1	1	1.0
886	CES	0.0	1.0	1	686	0	1	1	1.0
887	CES	0.0	1.0	1	687	0	1	1	1.0
888	CES	0.0	1.0	1	688	0	1	1	1.0
889	CES	0.0	1.0	1	689	0	1	1	1.0
890	CES	0.0	1.0	1	690	0	1	1	1.0
891	CES	0.0	1.0	1	691	0	1	1	1.0
892	CES	0.0	1.0	1	692	0	1	1	1.0
893	CES	0.0	1.0	1	693	0	1	1	1.0
894	CES	0.0	1.0	1	694	0	1	1	1.0
895	CES	0.0	1.0	1	695	0	1	1	1.0
896	CES	0.0	1.0	1	696	0	1	1	1.0
897	CES	0.0	1.0	1	697	0	1	1	1.0
898	CES	0.0	1.0	1	698	0	1	1	1.0
899	CES	0.0	1.0	1	699	0	1	1	1.0
900	CES	0.0	1.0	1	700	0	1	1	1.0
901	CES	0.0	1.0	1	701	0	1	1	1.0
902	CES	0.0	1.0	1	702	0	1	1	1.0
903	CES	0.0	1.0	1	703	0	1	1	1.0
904	CES	0.0	1.0	1	704	0	1	1	1.0
905	CES	0.0	1.0	1	705	0	1	1	1.0
906	CES	0.0	1.0	1	706	0	1	1	1.0
907	CES	0.0	1.0	1	707	0	1	1	1.0
908	CES	0.0	1.0	1	708	0	1	1	1.0
909	CES	0.0	1.0	1	709	0	1	1	1.0
910	CES	0.0	1.0	1	710	0	1	1	1.0
911	CES	0.0	1.0	1	711	0	1	1	1.0
912	CES	0.0	1.0	1	712	0	1	1	1.0
913	CES	0.0	1.0	1	713	0	1	1	1.0
914	CES	0.0	1.0	1	714	0	1	1	1.0
915	CES	0.0	1.0	1	715	0	1	1	1.0
916	CES	0.0	1.0	1	716	0	1	1	1.0
917	CES	0.0	1.0	1	717	0	1	1	1.0
918	CES	0.0	1.0	1	718	0	1	1	1.0
919	CES	0.0	1.0	1	719	0	1	1	1.0
920	CES	0.0	1.0	1	720	0	1	1	1.0
921	CES	0.0	1.0	1	721	0	1	1	1.0
922	CES	0.0	1.0	1	722	0	1	1	1.0
923	CES	0.0	1.0	1	723	0	1	1	1.0
924	CES	0.0	1.0	1	724	0	1	1	1.0
925	CES	0.0	1.0	1	725	0	1	1	1.0
926	CES	0.0	1.0	1	726	0	1	1	1.0
927	CES	0.0	1.0	1	727	0	1	1	1.0
928	CES	0.0	1.0	1	728	0	1	1	1.0
929	CES	0.0	1.0	1	729	0	1	1	1.0
930	CES	0.0	1.0	1	730	0	1	1	1.0
931	CES	0.0	1.0	1	731	0	1	1	1.0
932	CES	0.0	1.0	1	732	0	1	1	1.0
933	CES	0.0	1.0	1	733	0	1	1	1.0
934	CES	0.0	1.0	1	734	0	1	1	1.0
935	CES	0.0	1.0	1	735	0	1	1	1.0
936	CES	0.0	1.0	1	736	0	1	1	1.0
937	CES	0.0	1.0	1	737	0	1	1	1.0
938	CES	0.0	1.0	1	738	0	1	1	1.0
939	CES	0.0	1.0	1	739	0	1	1	1.0
940	CES	0.0	1.0	1	740	0	1	1	1.0
941	CES	0.0	1.0	1	741	0	1	1	1.0
942	CES	0.0	1.0	1	742	0	1	1	1.0
943	CES	0.0	1.0	1	743	0	1	1	1.0
944	CES	0.0	1.0	1	744	0	1	1	1.0
945	CES	0.0	1.0	1	745	0	1	1	1.0
946	CES	0.0	1.0	1	746	0	1	1	1.0
947	CES	0.0	1.0	1	747	0	1	1	1.0
948	CES	0.0	1.0	1	748	0	1	1	1.0
949	CES	0.0	1.0	1	749	0	1	1	1.0
950	CES	0.0	1.0	1	750	0	1	1	1.0
951	CES	0.0	1.0	1	751	0	1	1	1.0
952	CES	0.0	1.0	1	752	0	1	1	1.0
953	CES	0.0	1.0	1	753	0	1	1	1.0
954	CES	0.0	1.0	1	754	0	1	1	1.0
955	CES	0.0	1.0	1	755	0	1	1	1.0
956	CES	0.0	1.0	1	756	0	1	1	1.0
957	CES	0.0	1.0	1	757	0	1	1	1.0
958	CES	0.0	1.0	1	758	0	1	1	1.0
959	CES	0.0	1.0	1	759	0	1	1	1.0
960	CES	0.0	1.0	1	760	0	1	1	1.0
961	CES	0.0	1.0	1	761	0	1	1	1.0
962	CES	0.0	1.0	1	762	0	1	1	1.0
963	CES	0.0	1.0	1	763	0	1	1	1.0
964	CES	0.0	1.0	1	764	0	1	1	1.0
965	CES	0.0	1.0	1	765	0	1	1	1.0
966	CES	0.0	1.0	1	766	0	1	1	1.0
967	CES	0.0	1.0	1	767	0	1	1	1.0
968	CES	0.0	1.0	1	768	0	1	1	1.0
969	CES	0.0	1.0	1	769	0	1	1	1.0
970	CES	0.0	1.0	1	770	0	1	1	1.0
971	CES	0.0	1.0	1	771	0	1	1	1.0
972	CES	0.0	1.0	1	772	0	1	1	1.0
973	CES	0.0	1.0	1	773	0	1	1	1.0
974	CES	0.0	1.0	1	774	0	1	1	1.0
975	CES	0.0	1.0	1	775	0	1	1	1.0
976	CES	0.0	1.0	1	776	0	1	1	1.0
977	CES	0.0	1.0	1	777	0	1	1	1.0
978	CES	0.0	1.0	1	778	0	1	1	1.0
979	CES	0.0	1.0	1	779	0	1	1	1.0
980	CES	0.0	1.0	1	780	0	1	1	1.0
981	CES	0.0	1.0	1	781	0	1	1	1.0
982	CES	0.0	1.0	1	782	0	1	1	1.0
983	CES	0.0	1.0	1	783	0	1	1	1.0
984	CES	0.0	1.0	1	784	0	1	1	1.0
985	CES	0.0	1.0	1	785	0	1	1	1.0
986	CES	0.0	1.0	1	786	0	1	1	1.0
987	CES	0.0	1.0	1	787	0	1	1	1.0
988	CES	0.0	1.0	1	788	0	1	1	1.0
989	CES	0.0	1.0	1	789	0	1	1	1.0
990	CES	0.0	1.0	1	790	0	1	1	1.0
991	CES	0.0	1.0	1	791	0	1	1	1.0
992	CES	0.0	1.0	1	792	0	1	1	1.0
993	CES	0.0	1.0	1	793	0	1	1	1.0
994	CES	0.0	1.0	1	794	0	1	1	1.0
995	CES	0.0	1.0	1	795	0	1	1	1.0
996	CES	0.0	1.0	1	796	0	1	1	1.0
997	CES	0.0	1.0	1	797	0	1	1	1.0
998	CES	0.0	1.0	1	798	0	1	1	1.0
999	CES	0.0	1.0	1	799	0	1	1	1.0
1000	CES	0.0	1.0	1	800	0	1	1	1.0
1001	CES	0.0	1.0	1	801	0	1	1	1.0
1002	CES	0.0	1.0	1	802	0	1	1	1.0
1003	CES	0.0	1.0	1	803	0	1	1	1.0
1004	CES	0.0	1.0	1	804	0	1	1	1.0
1005	CES	0.0	1.0	1	805	0	1	1	1.0
1006	CES	0.0	1.0	1	806	0	1	1	1.0
1007	CES	0.0	1.0	1	807	0	1	1	1.0
1008	CES	0.0	1.0	1	808	0	1	1	1.0
1009	CES	0.0	1.0	1	809	0	1	1	1.0
1010	CES	0.0	1.0	1	810	0	1	1	1.0
1011	CES	0.0	1.0	1	811	0	1	1	1.0
1012	CES	0.0	1.0	1	812	0	1	1	1.0
1013	CES	0.0	1.0	1	813	0	1	1	1.0
1014	CES	0.0	1.0	1	814	0	1	1	1.0
1015	CES	0.0	1.0	1	815	0	1	1	1.0
1016	CES	0.0	1.0	1	816	0	1	1	1.0
1017	CES	0.0	1.0	1	817	0	1	1	1.0
1018	CES	0.0	1.0	1	818	0	1	1	1.0
1019	CES	0.0	1.0	1	819	0	1	1	1.0
1020	CES	0.0	1.0	1	820	0	1	1	1.0
1021	CES	0.0	1.0	1	821	0	1	1	1.0
1022	CES	0.0	1.0	1	822	0	1	1	1.0
1023	CES	0.0	1.0	1	823	0	1	1	1.0
1024	CES	0.0	1.0	1	824	0	1	1	1.0
1025	CES	0.0	1.0	1	825	0	1	1	1.0
1026	CES	0.0	1.0	1	826	0	1	1	1.0
1027	CES	0.0	1.0	1	827	0	1	1	1.0
1028	CES	0.0	1.0	1	828	0	1	1	1.0
1029	CES	0.0	1.0	1	829	0	1	1	1.0
1030	CES	0.0	1.0	1	830	0	1	1	1.0
1031	CES	0.0	1.0	1	831	0	1	1	1.0
1032	CES	0.0	1.0	1	832	0	1	1	1.0
1033	CES	0.0	1.0	1	833	0	1	1	1.0
1034	CES	0.0	1.0	1	834	0	1	1	1.0
1035	CES	0.0	1.0	1	835	0	1	1	1.0
1036	CES	0.0	1.0	1	836	0	1	1	1.0
1037	CES	0.0	1.0	1	837	0	1	1	1.0
1038	CES	0.0	1.0	1	838	0	1	1	1.0
1039	CES	0.0	1.0	1	839	0	1	1	1.0
1040	CES	0.0	1.0	1	840	0	1	1	1.0
1041	CES	0.0	1.0	1	841	0	1	1	1.0
1042	CES	0.0	1.0	1	842	0	1	1	1.0
1043	CES	0.0	1.0	1	843	0	1	1	1.0
1044	CES	0.0	1.0	1	844	0	1	1	1.0
1045	CES	0.0	1.0	1	845	0	1	1	1.0
1046	CES	0.0	1.0	1	846	0	1	1	1.0
1047	CES	0.0	1.0	1	847	0	1	1	1.0
1048	CES	0.0	1.0	1	848	0	1	1	1.0
1049	CES	0.0	1.0	1	849	0	1	1	1.0
1050	CES	0.0	1.0	1	850	0	1	1	1.0
1051	CES	0.0	1.0	1	851	0	1	1	1.0
1052	CES	0.0	1.0	1	852	0	1	1	1.0
1053	CES	0.0	1.0	1	853	0	1	1	1.0
1054	CES	0.0	1.0	1	854	0	1	1	1.0
1055	CES	0.0	1.0	1	855	0	1	1	1.0
1056	CES	0.0	1.0	1	856	0	1	1	1.0
1057	CES	0.0	1.0	1	857	0	1	1	1.0
1058	CES	0.0	1.0	1	858	0	1	1	1.0
1059	CES	0.0	1.0	1	859	0	1	1	1.0
1060	CES	0.0	1.0	1	860	0	1	1	1.0
1061	CES	0.0	1.0	1	861	0	1	1	1.0
1062	CES	0.0	1.0	1	862	0	1	1	1.0
1063	CES	0.0	1.0	1	863	0	1	1	1.0
1064	CES	0.0	1.0	1	864	0	1	1	1.0
1065	CES	0.0	1.0	1	865	0	1	1	1.0
1066	CES	0.0	1.0	1	866	0	1	1	1.0
1067	CES	0.0	1.0	1	867	0	1	1	1.0
1068	CES	0.0	1.0	1	868	0	1	1	1.0
1069	CES	0.0	1.0	1	869	0	1	1	1.0
1070	CES	0.0	1.0	1	870	0	1	1	1.0
1071	CES	0.0	1.0	1	871	0	1	1	1.0
1072	CES	0.0	1.0	1	872	0	1	1	1.0
1073	CES	0.0	1.0	1	873	0	1	1	1.0
1074	CES	0.0	1.0	1	874	0	1	1	1.0
1075	CES	0.0	1.0	1	875	0	1	1	1.0
1076	CES	0.0	1.0	1	876	0	1	1	1.0
1077	CES	0.0	1.0	1	877	0	1	1	1.0
1078	CES	0.0	1.0	1	878	0	1	1	1.0
1079	CES	0.0	1.0	1	879	0	1	1	1.0
1080	CES	0.0	1.0	1	880	0	1	1	1.0
1081	CES	0.0	1.0	1	881	0	1	1	1.0
1082	CES	0.0	1.0	1	882	0	1	1	1.0
1083	CES	0.0	1.0	1	883	0	1	1	1.0
1084	CES	0.0	1.0	1	884	0	1	1	1.0
1085	CES	0.0	1.0	1	885	0	1	1	1.0
1086	CES	0.0	1.0	1	886	0	1	1	1.0
1087	CES	0.0	1.0	1	887	0	1	1	1.0
1088	CES	0.0	1.0	1	888	0	1	1	1.0
1089	CES	0.0	1.0	1	889	0	1	1	1.0
1090	CES	0.0	1.0	1	890	0	1	1	1.0
1091	CES	0.0	1.0	1	891	0	1	1	1.0
1092	CES	0.0	1.0	1	892	0	1	1	1.0
1093	CES	0.0	1.0	1	893	0	1	1	1.0
1094	CES	0.0	1.0	1	894	0	1	1	1.0
1095	CES	0.0	1.0	1	895	0	1	1	1.0
1096	CES	0.0	1.0	1	896	0	1	1	1.0
1097	CES	0.0	1.0	1	897	0	1	1	1.0
1098	CES	0.0	1.0	1	898	0	1	1	1.0
1099	CES	0.0	1.0	1	899	0	1	1	1.0
1100	CES	0.0	1.0	1	900	0	1	1	1.0
1101	CES	0.0	1.0	1	901	0	1	1	1.0
1102	CES	0.0	1.0	1	902	0	1	1	1.0
1103	CES	0.0	1.0	1	903	0	1	1	1.0
1104	CES	0.0	1.0	1	904	0	1	1	1.0
1105	CES	0.0	1.0	1	905	0	1	1	1.0
1106	CES	0.0	1.0	1	906	0	1	1	1.0
1107	CES	0.0	1.0	1	907	0	1	1	1.0
1108	CES	0.0	1.0	1	908	0	1	1	1.0
1109	CES	0.0	1.0	1	909	0	1	1	1.0
1110	CES	0.0	1.0	1	910	0	1	1	1.0
1111	CES	0.0	1.0	1	911	0	1	1	1.0
1112	CES	0.0	1.0	1	912	0	1	1	1.0
1113	CES	0.0	1.0	1	913	0	1	1	1.0
1114	CES	0.0	1.0	1	914	0	1	1	1.0
1115	CES	0.0	1.0	1	915	0	1	1	1.0
1116	CES	0.0	1.0	1	916	0	1	1	1.0
1117	CES	0.0	1.0	1	917	0	1	1	1.0
1118	CES	0.0	1.0	1	918	0	1	1	1.0
1119	CES	0.0	1.0	1	919	0	1	1	1.0
1120	CES	0.0	1.0	1	920	0	1	1	1.0
1121	CES	0.0	1.0	1	921	0	1	1	1.0
1122	CES	0.0	1.0	1	922	0	1	1	1.0
1123	CES	0.0	1.0	1	923	0	1	1	1.0
1124	CES	0.0	1.0	1	924	0	1	1	1.0
1125	CES	0.0	1.0	1	925	0	1	1	1.0
1126	CES	0.0	1.0	1	926	0	1	1	1.0
1127	CES	0.0	1.0	1	927	0	1	1	1.0
1128	CES	0.0	1.0	1	928	0	1	1	1.0
1129	CES	0.0	1.0	1	929	0	1	1	1.0
1130	CES	0.0	1.0	1	930	0	1	1	1.0
1131	CES	0.0	1.0	1	931	0	1	1	1.0
1132	CES	0.0	1.0	1	932	0	1	1	1.0
1133	CES	0.0	1.0	1	933	0	1	1	1.0
1134	CES	0.0	1.0	1	934	0	1	1	1.0
1135	CES	0.0	1.0	1	935	0	1	1	1.0
1136	CES	0.0	1.0	1	936	0	1	1	1.0
1137	CES	0.0	1.0	1	937	0	1	1	1.0
1138	CES	0.0	1.0	1	938	0	1	1	1.0
1139	CES	0.0	1.0	1	939	0	1	1	1.0
1140	CES	0.0	1.0	1	940	0	1	1	1.0
1141	CES	0.0	1.0	1	941	0	1	1	1.0
1142	CES	0.0	1.0	1	942	0	1	1	1.0
1143	CES	0.0	1.0	1	943	0	1	1	1.0
1144	CES	0.0	1.0	1	944	0	1	1	1.0
1145	CES	0.0	1.0	1	945	0	1	1	1.0
1146	CES	0.0	1.0	1	946	0	1	1	1.0
1147	CES	0.0	1.0	1	947	0	1	1	1.0
1148	CES	0.0	1.0	1	948	0	1	1	1.0
1149	CES	0.0	1.0	1	949	0	1	1	1.0
1150	CES	0.0	1.0	1	950	0	1	1	1.0
1151	CES	0.0	1.0	1	951	0	1	1	1.0
1152	CES	0.0	1.0	1	952	0	1	1	1.0
1153	CES	0.0	1.0	1	953	0	1	1	1.0
1154	CES	0.0	1.0	1	954	0	1	1	1.0
1155	CES	0.0	1.0	1	955	0	1	1	1.0
1156	CES	0.0	1.0	1	956	0	1	1	1.0
1157	CES	0.0	1.0	1	957	0	1	1	1.0
1158	CES	0.0	1.0	1	958	0	1	1	1.0
1159	CES	0.0	1.0	1	959	0	1	1	1.0
1160	CES	0.0	1.0	1	960	0	1	1	1.0
1161	CES	0.0	1.0	1	961	0	1	1	1.0
1162	CES	0.0	1.0	1	962	0	1	1	1.0
1163	CES	0.0	1.0	1	963	0	1	1	1.0
1164	CES	0.0	1.0	1	964	0	1	1	1.0
1165	CES	0.0	1.0	1	965	0	1	1	1.0
1166	CES	0.0	1.0	1	966	0	1	1	1.0
1167	CES	0.0	1.0	1	967	0	1	1	1.0
1168	CES	0.0	1.0	1	968	0	1	1	1.0
1169	CES	0.0	1.0	1	969	0	1	1	1.0
1170	CES	0.0	1.0	1	970	0	1	1	1.0
1171	CES	0.0	1.0	1	971	0	1	1	1.0
1172	CES	0.0	1.0	1	972	0	1	1	1.0
1173	CES	0.0	1.0	1	973	0	1	1	1.0
1174	CES	0.0	1.0	1	974	0	1	1	1.0
1175	CES	0.0	1.0	1	975	0	1	1	1.0
1176	CES	0.0	1.0	1	976	0	1	1	1.0
1177	CES	0.0	1.0	1	977	0	1	1	1.0
1178	CES	0.0	1.0	1	978	0	1	1	1.0
1179	CES	0.0	1.0	1	979	0	1	1	1.0
1180	CES	0.0	1.0	1	980	0	1	1	1.0
1181	CES	0.0	1.0	1	981	0	1	1	1.0
1182	CES	0.0	1.0	1	982	0	1	1	1.0
1183	CES	0.0	1.0	1	983	0	1	1	1.0
1184	CES	0.0	1.0	1	984	0	1	1	1.0
1185	CES	0.0	1.0	1	985	0	1	1	1.0
1186	CES	0.0	1.0	1	986	0	1	1	1.0
1187	CES	0.0	1.0	1	987	0	1	1	1.0
1188	CES	0.0	1.0	1	988	0	1	1	1.0
1189	CES	0.0	1.0	1	989	0	1	1	1.0
1190	CES	0.0	1.0	1	990	0	1	1	1.0
1191	CES	0.0	1.0	1	991	0	1	1	1.0
1192	CES	0.0	1.0	1	992	0	1	1	1.0
1193	CES	0.0	1.0	1	993	0	1	1	1.0
1194	CES	0.0	1.0	1	994	0	1	1	1.0
1195	CES	0.0	1.0	1	995	0	1	1	1.0
1196	CES	0.0	1.0	1	996	0	1	1	1.0
1197	CES	0.0	1.0	1	997	0	1	1	1.0
1198	CES	0.0	1.0	1	998	0	1	1	1.0
1199	CES	0.0	1.0	1	999	0	1	1	1.0
1200	CES	0.0	1.0	1	1000	0	1	1	1.0
1201	CES	0.0	1.0	1	1001	0	1	1	1.0
1202	CES	0.0	1.0	1	1002	0	1	1	1.0
1203	CES	0.0	1.0	1	1003	0	1	1	1.0
1204	CES	0.0	1.0	1	1004	0	1	1	1.0
1205	CES	0.0	1.0	1	1005	0	1	1	1.0
1206	CES	0.0	1.0	1	1006	0	1	1	1.0
1207	CES	0.0	1.0	1	1007	0	1	1	1.0
1208	CES	0.0	1.0	1	1008	0	1	1	1.0
1209	CES	0.0	1.0	1	1009	0	1	1	1.0
1210	CES	0.0	1.0	1	1010	0	1	1	1.0
1211	CES	0.0	1.0	1	1011	0	1	1	1.0
1212	CES	0.0	1.0	1	1012	0	1	1	1.0
1213	CES	0.0	1.0	1	1013	0	1	1	1.0
1214	CES	0.0	1.0	1	1014	0	1	1	1.0
1215	CES	0.0	1.0	1	1015	0	1	1	1.0
1216	CES	0.0	1.0	1	1016	0	1	1	1.0
1217	CES	0.0	1.0	1	1017	0	1	1	1.0
1218	CES	0.0	1.0	1	1018	0	1	1	1.0
1219	CES	0.0	1.0	1	1019	0	1	1	1.0
1220	CES	0.0	1.0	1	1020	0	1	1	1.0
1221	CES	0.0	1.0	1	1021	0	1	1	1.0
1222	CES	0.0	1.0	1	1022	0	1	1	1.0
1223	CES	0.0	1.0	1	1023	0	1	1	1.0
1224	CES	0.0	1.0	1	1024	0	1	1	1.0
1225	CES	0.0	1.0	1	1025	0	1	1	1.0
1226	CES	0.0	1.0	1	1026	0	1	1	1.0
1227	CES	0.0	1.0	1	1027	0	1	1	1.0
1228	CES	0.0	1.0	1	1028	0	1	1	1.0
1229	CES	0.0	1.0	1	1029	0	1	1	1.0
1230	CES	0.0	1.0	1	1030	0	1	1	1.0
1231	CES	0.0	1.0	1	1031	0	1	1	1.0
1232	CES	0.0	1.0	1	1032	0	1	1	1.0
1233	CES	0.0	1.0	1	1033	0	1	1	1.0
1234	CES	0.0	1.0	1	1034	0	1	1	1.0
1235	CES	0.0	1.0	1	1035	0	1	1	1.0
1236	CES	0.0	1.0	1	1036	0	1	1	1.0
1237	CES	0.0	1.0	1	1037	0	1	1	1.0
1238	CES	0.0	1.0	1	1038	0	1	1	1.0
1239	CES	0.0	1.0	1	1039	0	1	1	1.0
1240	CES	0.0	1.0	1	1040	0	1	1	1.0
1241	CES	0.0	1.0	1	1041	0	1	1	1.0
1242	CES	0.0	1.0	1	1042	0	1	1	1.0
1243	CES	0.0	1.0	1	1043	0	1	1	1.0
1244	CES	0.0	1.0	1	1044	0	1	1	1.0
1245	CES	0.0	1.0	1	1045	0	1	1	1.0
1246	CES	0.0	1.0	1	1046	0	1	1	1.0
1247	CES	0.0	1.0	1	1047	0	1	1	1.0
1248	CES	0.0	1.0	1	1048	0	1	1	1.0
1249	CES	0.0	1.0	1	1049	0	1	1	1.0
1250	CES	0.0	1.0	1	1050	0	1	1	1.0
1251	CES	0.0	1.0	1	1051	0	1	1	1.0
1252	CES	0.0	1.0	1	1052	0	1	1	1.0
1253	CES	0.0	1.0	1	1053	0	1	1	1.0
1254	CES	0.0	1.0	1	1054	0	1	1	1.0
1255	CES	0.0	1.0	1	1055	0	1	1	1.0
1256	CES	0.0	1.0	1	1056	0	1	1	1.0
1257	CES	0.0	1.0	1	1057	0	1	1	1.0
1258	CES	0.0	1.0	1	1058	0	1	1	1.0
1259	CES	0.0	1.0	1	1059	0	1	1	1.0
1260	CES	0.0	1.0	1	1060	0	1	1	1.0
1261	CES	0.0	1.0	1	1061	0	1	1	1.0
1262	CES	0.0	1.0	1	1062	0	1	1	1.0
1263	CES	0.0	1.0	1	1063	0	1	1	1.0
1264	CES	0.0	1.0	1	1064	0	1	1	1.0
1265	CES	0.0	1.0	1	1065	0	1	1	1.0
1266	CES	0.0	1.0	1	1066	0	1	1	1.0
1267	CES	0.0	1.0	1	1067	0	1	1	1.0
1268	CES	0.0	1.0	1	1068	0	1	1	1.0
1269	CES	0.0	1.0	1	1069	0	1	1	1.0
1270	CES	0.0	1.0	1	1070	0	1	1	1.0
1271	CES	0.0	1.0	1	1071	0	1	1	1.0
1272	CES	0.0	1.0	1	1072	0	1	1	1.0
1273	CES	0.0	1.0	1	1073	0	1	1	1.0
1274	CES	0.0	1.0	1	1074	0	1	1	1.0
1275	CES	0.0	1.0	1	1075	0	1	1	1.0
1276	CES	0.0	1.0	1	1076	0	1	1	1.0
1277	CES	0.0	1.0	1	1077	0	1	1	1.0
1278	CES	0.0	1.0	1	1078	0	1	1	1.0
1279	CES	0.0	1.0	1	1079	0	1	1	1.0
1280	CES	0.0	1.0	1	1080	0	1	1	1.0
1281	CES	0.0	1.0	1	1081	0	1	1	1.0
1282	CES	0.0	1.0	1	1082	0	1	1	1.0
1283	CES	0.0	1.0	1	1083	0	1	1	1.0
1284	CES	0.0	1.0	1	1084	0	1	1	1.0
1285	CES	0.0	1.0	1	1085	0	1	1	1.0
1286	CES	0.0	1.0	1	1086	0	1	1	1.0
1287	CES	0.0	1.0	1	1087	0	1	1	1.0
1288	CES	0.0	1.0	1	1088	0	1	1	1.0
1289	CES	0.0	1.0	1	1089	0	1	1	1.0
1290	CES	0.0	1.0	1	1090	0	1	1	1.0
1291	CES	0.0	1.0	1	1091	0	1	1	1.0
1292	CES	0.0	1.0	1	1092	0	1	1	1.0
1293	CES	0.0	1.0	1	1093	0	1	1	1.0
1294	CES	0.0	1.0	1	1094	0	1	1	1.0
1295	CES	0.0	1.0	1	1095	0	1	1	1.0
1296	CES	0.0	1.0	1	1096	0	1	1	1.0
1297	CES	0.0	1.0	1	1097	0	1	1	1.0
1298	CES	0.0	1.0	1	1098	0	1	1	1.0
1299	CES	0.0	1.0	1	1099	0	1	1	1.0
1300	CES	0.0	1.0	1	1100	0	1	1	1.0
1301	CES	0.0	1.0	1	1101	0	1	1	1.0
1302	CES	0.0	1.0	1	1102	0	1	1	1.0
1303	CES	0.0	1.0	1	1103	0	1	1	1.0
1304	CES	0.0	1.0	1	1104	0	1	1	1.0
1305	CES	0.0	1.0	1	1105	0	1	1	1.0
1306	CES	0.0	1.0	1	1106	0	1	1	1.0
1307	CES	0.0	1.0	1	1107	0	1	1	1.0
1308	CES	0.0	1.0	1	1108	0	1	1	1.0
1309	CES	0.0	1.0	1	1109	0	1	1	1.0
1310	CES	0.0	1.0	1	1110	0	1	1	1.0
1311	CES	0.0	1.0	1	1111	0	1	1	1.0
1312	CES	0.0	1.0	1	1112	0	1	1	1.0
1313	CES	0.0	1.0	1	1113	0	1	1	1.0
1314	CES	0.0	1.0	1	1114	0	1	1	1.0
1315	CES	0.0	1.0	1	1115	0	1	1	1.0
1316	CES	0.0	1.0	1	1116	0	1	1	1.0
1317	CES	0.0	1.0	1	1117	0	1	1	1.0
1318	CES	0.0	1.0	1	1118	0	1	1	1.0
1319	CES	0.0	1.0	1	1119	0	1	1	1.0
1320	CES	0.0	1.0	1	1120	0	1	1	1.0
1321	CES	0.0	1.0	1	1121	0	1	1	1.0
1322	CES	0.0	1.0	1	1122	0	1	1	1.0
1323	CES	0.0	1.0	1	1123	0	1	1	1.0
1324	CES	0.0	1.0	1	1124	0	1	1	1.0
1325	CES	0.0	1.0	1	1125	0	1	1	1.0
1326	CES	0.0	1.0	1	1126	0	1	1	1.0
1327	CES	0.0	1.0	1	1127	0	1	1	1.0
1328	CES	0.0	1.0	1	1128	0	1	1	1.0
1329	CES	0.0	1.0	1	1129	0	1	1	1.0
1330	CES	0.0	1.0	1	1130	0	1	1	1.0
1331	CES	0.0	1.0	1	1131	0	1	1	1.0
1332	CES	0.0	1.0	1	1132	0	1	1	1.0
1333	CES	0.0	1.0	1	1133	0	1	1	1.0
1334	CES	0.0	1.0	1	1134	0	1	1	1.0
1335	CES	0.0	1.0	1	1135	0	1	1	1.0
1336	CES	0.0	1.0	1	1136	0	1	1	1.0
1337	CES	0.0	1.0	1	1137	0	1	1	1.0
1338	CES	0.0	1.0	1	1138	0	1	1	1.0
1339	CES	0.0	1.0	1	1139	0	1	1	1.0
1340	CES	0.0	1.0	1	1140	0	1	1	1.0
1341	CES	0.0	1.0	1	1141	0	1	1	1.0
1342	CES	0.0	1.0	1	1142	0	1	1	1.0
1343	CES	0.0	1.0	1	1143	0	1	1	1.0
1344	CES	0.0	1.0	1	1144	0	1	1	1.0
1345	CES	0.0	1.0	1	1145	0	1	1	1.0
1346	CES	0.0	1.0	1	1146	0	1	1	1.0
1347	CES	0.0	1.0	1	1147	0	1	1	1.0
1348	CES	0.0	1.0	1	1148	0	1	1	1.0
1349	CES	0.0	1.0	1	1149	0	1	1	1.0
1350	CES	0.0	1.0	1	1150	0	1	1	1.0
1351	CES	0.0	1.0	1	1151	0	1	1	1.0
1352	CES	0.0	1.0	1	1152	0	1	1	1.0
1353	CES	0.0	1.0	1	1153	0	1	1	1.0
1354	CES	0.0	1.0	1	1154	0	1	1	1.0
1355	CES	0.0	1.0	1	1155	0	1	1	1.0
1356	CES	0.0	1.0	1	1156	0	1	1	1.0
1357	CES	0.0	1.0	1	1157	0	1	1	1.0
1358	CES	0.0	1.0	1	1158	0	1	1	1.0
1359	CES	0.0	1.0	1	1159	0	1	1	1.0
1360	CES	0.0	1.0	1	1160	0	1	1	1.0
1361	CES	0.0	1.0	1	1161	0	1	1	1.0
1362	CES	0.0	1.0	1	1162	0	1	1	1.0
1363	CES	0.0	1.0	1	1163	0	1	1	1.0
1364	CES	0.0	1.0	1	1164	0	1	1	1.0
1365	CES	0.0	1.0	1	1165	0	1	1	1.0
1366	CES	0.0	1.0	1	1166	0	1	1	1.0
1367	CES	0.0	1.0	1	1167	0	1	1	1.0
1368	CES	0.0	1.0	1	1168	0	1	1	1.0
1369	CES	0.0	1.0	1	1169	0	1	1	1.0
1370	CES	0.0	1.0	1	1170	0	1	1	1.0
1371	CES	0.0	1.0	1	1171	0	1	1	1.0
1372	CES	0.0	1.0	1	1172	0	1	1	1.0
1373	CES	0.0	1.0	1	1173	0	1	1	1.0
1374	CES	0.0	1.0	1	1174	0	1	1	1.0
1375	CES	0.0	1.0	1	1175	0	1	1	1.0
1376	CES	0.0	1.0	1	1176	0	1	1	1.0
1377	CES	0.0	1.0	1	1177	0	1	1	1.0
1378	CES	0.0	1.0	1	1178	0	1	1	1.0
1379	CES	0.0	1.0	1	1179	0	1	1	1.0
1380	CES	0.0	1.0	1	1180	0	1	1	1.0
1381	CES	0.0	1.0	1	1181	0	1	1	1.0
1382	CES	0.0	1.0	1	1182	0	1	1	1.0
1383	CES	0.0	1.0	1	1183	0	1	1	1.0
1384	CES	0.0	1.0	1	1184	0	1	1	1.0
1385	CES	0.0	1.0	1	1185	0	1	1	1.0
1386	CES	0.0	1.0	1	1186	0	1	1	1.0
1387	CES	0.0	1.0	1	1187	0	1	1	1.0
1388	CES	0.0	1.0	1	1188	0	1	1	1.0
1389	CES	0.0	1.0	1	1189	0	1	1	1.0
1390	CES	0.0	1.0	1	1190	0	1	1	1.0
1391	CES	0.0	1.0	1	1191	0	1	1	1.0
1392	CES	0.0	1.0	1	1192	0	1	1	1.0
1393	CES	0.0	1.0	1	1193	0	1	1	1.0
1394	CES	0.0	1.0	1	1194	0	1	1	1.0
1395	CES	0.0	1.0	1	1195	0	1	1	1.0
1396	CES	0.0	1.0	1	1196	0	1	1	1.0
1397	CES	0.0	1.0	1	1197	0	1	1	1.0
1398	CES	0.0	1.0	1	1198	0	1	1	1.0
1399	CES	0.0	1.0	1	1199	0	1	1	1.0
1400	CES	0.0	1.0	1	1200	0	1	1	1.0
1401	CES	0.0	1.0	1	1201	0	1	1	1.0
1402	CES	0.0	1.0	1	1202	0	1	1	1.0
1403	CES	0.0	1.0	1	1203	0	1	1	1.0
1404	CES	0.0	1.0	1	1204	0	1	1	1.0
1405	CES	0.0	1.0	1	1205	0	1	1	1.0
1406	CES	0.0	1.0	1	1206	0	1	1	1.0
1407	CES	0.0	1.0	1	1207	0	1	1	1.0
1408	CES	0.0	1.0	1	1208	0	1	1	1.0
1409	CES	0.0	1.0	1	1209	0	1	1	1.0
1410	CES	0.0	1.0	1	1210	0	1	1	1.0
1411	CES	0.0	1.0	1	1211	0	1	1	1.0
1412	CES	0.0	1.0	1	1212	0	1	1	1.0
1413	CES	0.0	1.0	1	1213	0	1	1	1.0
1414	CES	0.0	1.0	1	1214	0	1	1	1.0
1415	CES	0.0	1.0	1	1215	0	1	1	1.0
1416	CES	0.0	1.0	1	1216	0	1	1	1.0
1417	CES	0.0	1.0	1	1217	0	1	1	1.0
1418	CES	0.0	1.0	1	1218	0	1	1	1.0
1419	CES	0.0	1.0	1	1219	0	1	1	1.0
1420	CES	0.0	1.0	1	1220	0	1	1	1.0
1421	CES	0.0	1.0	1	1221	0	1	1	1.0
1422	CES	0.0	1.0	1	1222	0	1	1	1.0
1423	CES	0.0	1.0	1	1223	0	1	1	1.0
1424	CES	0.0	1.0	1	1224	0	1	1	1.0
1425	CES	0.0	1.0	1	1225	0	1	1	1.0
1426	CES	0.0	1.0	1	1226	0	1	1	1.0
1427	CES	0.0	1.0	1	1227	0	1	1	1.0
1428	CES	0.0	1.0	1	1228	0	1	1	1.0
1429	CES	0.0	1.0	1	1229	0	1	1	1.0
1430	CES	0.0	1.0	1	1230	0	1	1	1.0
1431	CES	0.0	1.0	1	1231	0	1	1	1.0
1432	CES	0.0	1.0	1	1232	0	1	1	1.0
1433	CES	0.0	1.0	1	1233	0	1	1	1.0
1434	CES	0.0	1.0	1	1234	0	1	1	1.0
1435	CES	0.0	1.0	1	1235	0	1	1	1.0
1436	CES	0.0	1.0	1	1236	0	1	1	1.0
1437	CES	0.0	1.0	1	1237	0	1	1	1.0
1438	CES	0.0	1.0	1	1238	0	1	1	1.0
1439	CES	0.0	1.0	1	1239	0	1	1	1.0
1440	CES	0.0	1.0	1	1240	0	1	1	1.0
1441	CES	0.0	1.0	1	1241	0	1	1	1.0
1442	CES	0.0	1.0	1	1242	0	1	1	1.0
1443	CES	0.0	1.0	1	1243	0	1	1	1.0
1444	CES	0.0	1.0	1	1244	0	1	1	1.0
1445	CES	0.0	1.0	1	1245	0	1	1	1.0
1446	CES	0.0	1.0	1	1246	0	1	1	1.0
1447	CES	0.0	1.0	1	1247	0	1	1	1.0
1448	CES	0.0	1.0	1	1248	0	1	1	1.0
1449	CES	0.0	1.0	1	1249	0	1	1	1.0
1450	CES	0.0	1.0	1	1250	0	1	1	1.0
1451	CES	0.0	1.0	1	1251	0	1	1	1.0
1452	CES	0.0	1.0	1	1252	0	1	1	1.0
1453	CES	0.0	1.0	1	1253	0	1	1	1.0
1454	CES	0.0	1.0	1	1254	0	1	1	1.0
1455	CES	0.0	1.0	1	1255	0	1	1	1.0
1456	CES	0.0	1.0	1	1256	0	1	1	1.0
1457	CES	0.0	1.0	1	1257	0	1	1	1.0
1458	CES	0.0	1.0	1	1258	0	1	1	1.0
1459	CES	0.0	1.0	1	1259	0	1	1	1.0
1460	CES	0.0	1.0	1	1260	0	1	1	1.0
1461	CES	0.0	1.0	1	1261	0	1	1	1.0
1462	CES	0.0	1.0	1	1262	0	1	1	1.0
1463	CES	0.0	1.0	1	1263	0	1	1	1.0
1464	CES	0.0	1.0	1	1264	0	1	1	1.0
1465	CES	0.0	1.0	1	1265	0	1	1	1.0
1466	CES	0.0	1.0	1	1266	0	1	1	1.0
1467	CES	0.0	1.0	1	1267	0	1	1	1.0
1468	CES	0.0	1.0	1	1268	0	1	1	1.0
1469	CES	0.0	1.0	1	1269	0	1	1	1.0
1470	CES	0.0	1.0	1	1270	0	1	1	1.0
1471	CES	0.0	1.0	1	1271	0	1	1	1.0
1472	CES	0.0	1.0	1	1272	0	1	1	1.0
1473	CES	0.0	1.0	1	1273	0	1	1	1.0
1474	CES	0.0	1.0	1	1274	0	1	1	1.0
1475	CES	0.0	1.0	1	1275	0	1	1	1.0
1476	CES	0.0	1.0	1	1276	0	1	1	1.0
1477	CES	0.0	1.0	1	1277	0	1	1	1.0
1478	CES	0.0	1.0	1	1278	0	1	1	1.0
1479	CES	0.0	1.0	1	1279	0	1	1	1.0
1480	CES	0.0	1.0	1	1280	0	1	1	1.0
1481	CES	0.0	1.0	1	1281	0	1	1	1.0
1482	CES	0.0	1.0	1	1282	0	1	1	1.0
1483	CES	0.0	1.0	1	1283	0	1	1	1.0
1484	CES	0.0	1.0	1	1284	0	1	1	1.0
1485	CES	0.0	1.0	1	1285	0	1	1	1.0
1486	CES	0.0	1.0	1	1286	0	1	1	1.0
1487	CES	0.0	1.0	1	1287	0	1	1	1.0
1488	CES	0.0	1.0	1	1288	0	1	1	1.0
1489	CES	0.0	1.0	1	1289	0	1	1	1.0
1490	CES	0.0	1.0	1	1290	0	1	1	1.0
1491	CES	0.0	1.0	1	1291	0	1	1	1.0
1492	CES	0.0	1.0	1	1292	0	1	1	1.0
1493	CES	0.0	1.0	1	1293	0	1	1	1.0
1494	CES	0.0	1.0	1	1294	0	1	1	1.0
1495	CES	0.0	1.0	1	1295	0	1	1	1.0
1496	CES	0.0	1.0	1	1296	0	1	1	1.0
1497	CES	0.0	1.0	1	1297	0	1	1	1.0
1498	CES	0.0	1.0	1	1298	0	1	1	1.0
1499	CES	0.0	1.0	1	1299	0	1	1	1.0
1500	CES	0.0	1.0	1	1300	0	1	1	1.0
1501	CES	0.0	1.0	1	1301	0	1	1	1.0
1502	CES	0.0	1.0	1	1302	0	1	1	1.0
1503	CES	0.0	1.0	1	1303	0	1	1	1.0
1504	CES	0.0	1.0	1	1304	0	1	1	1.0
1505	CES	0.0	1.0	1	1305	0	1	1	1.0
1506	CES	0.0	1.0	1	1306	0	1	1	1.0
1507	CES	0.0	1.0	1	1307	0	1	1	1.0
1508	CES	0.0	1.0	1	1308	0	1	1	1.0
1509	CES	0.0	1.0	1	1309	0	1	1	1.0
1510	CES	0.0	1.0	1	1310	0	1	1	1.0
1511	CES	0.0	1.0	1	1311	0	1	1	1.0
1512	CES	0.0	1.0	1	1312	0	1	1	1.0
1513	CES	0.0	1.0	1	1313	0	1	1	1.0
1514	CES	0.0	1.0	1	1314	0	1	1	1.0
1515	CES	0.0	1.0	1	1315	0	1	1	1.0
1516	CES	0.0	1.0	1	1316	0	1	1	1.0
1517	CES	0.0	1.0	1	1317	0	1	1	1.0
1518	CES	0.0	1.0	1	1318	0	1	1	1.0
1519	CES	0.0	1.0	1	1319	0	1	1	1.0
1520	CES	0.0	1.0	1	1320	0	1	1	1.0
1521	CES	0.0	1.0	1	1321	0	1	1	1.0
1522	CES	0.0	1.0	1	1322	0	1	1	1.0
1523	CES	0.0	1.0	1	1323	0	1	1	1.0
1524	CES	0.0	1.0	1	1324	0	1	1	1.0
1525	CES	0.0	1.0	1	1325	0	1	1	1.0
1526	CES	0.0	1.0	1	1326	0	1	1	1.0
1527	CES	0.0	1.0	1	1327	0	1	1	1.0
1528	CES	0.0	1.0	1	1328	0	1	1	1.0
1529	CES	0.0	1.0	1	1329	0	1	1	1.0
1530	CES	0.0	1.0	1	1330	0	1	1	1.0
1531	CES	0.0	1.0	1	1331	0	1	1	1.0
1532	CES	0.0	1.0	1	1332	0	1	1	1.0
1533	CES	0.0	1.0	1	1333	0	1	1	1.0
1534	CES	0.0	1.0	1	1334	0	1	1	1.0
1535	CES	0.0	1.0	1	1335	0	1	1	1.0
1536	CES	0.0	1.0	1	1336	0	1	1	1.0
1537	CES	0.0	1.0	1	1337	0	1	1	1.0
1538	CES	0.0	1.0	1	1338	0	1	1	1.0
1539	CES	0.0	1.0	1	1339	0	1	1	1.0
1540	CES	0.0	1.0	1	1340	0	1	1	1.0
1541	CES	0.0	1.0	1	1341	0	1	1	1.0
1542	CES	0.0	1.0	1	1342	0	1	1	1.0
1543	CES	0.0	1.0	1	1343	0	1	1	1.0
1544	CES	0.0	1.0	1	1344	0	1	1	1.0
1545	CES	0.0	1.0	1	1345	0	1	1	1.0
1546	CES	0.0	1.0	1	1346	0	1	1	1.0
1547	CES	0.0	1.0	1	1347	0	1	1	1.0
1548	CES	0.0	1.0	1	1348	0	1	1	1.0
1549	CES	0.0	1.0	1	1349	0	1	1	1.0
1550	CES	0.0	1.0	1	1350	0	1	1	1.0
1551	CES	0.0	1.0	1	1351	0	1	1	1.0
1552	CES	0.0	1.0	1	1352	0	1	1	1.0
1553	CES	0.0	1.0	1	1353	0	1	1	1.0
1554	CES	0.0	1.0	1	1354	0	1	1	1.0
1555	CES	0.0	1.0	1	1355	0	1	1	1.0
1556	CES	0.0	1.0	1	1356	0	1	1	1.0
1557	CES	0.0	1.0	1	1357	0	1	1	1.0
1558	CES	0.0	1.0	1	1358	0	1	1	1.0
1559	CES	0.0	1.0	1	1359	0	1	1	1.0
1560	CES	0.0	1.0	1	1360	0	1	1	1.0
1561	CES	0.0	1.0	1	1361	0	1	1	1.0
1562	CES	0.0	1.0	1	1362	0	1	1	1.0
1563	CES	0.0	1.0	1	1363	0	1	1	1.0
1564	CES	0.0	1.0	1	1364	0	1	1	1.0
1565	CES	0.0	1.0	1	1365	0	1	1	1.0
1566	CES	0.0	1.0	1	1366	0	1	1	1.0
1567	CES	0.0	1.0	1	1367	0	1	1	1.0
1568	CES	0.0	1.0	1	1368	0	1	1	1.0
1569	CES	0.0	1.0	1	1369	0	1	1	1.0
1570	CES	0.0	1.0	1	1370	0	1	1	1.0
1571	CES	0.0	1.0	1	1371	0	1	1	1.0
1572	CES	0.0	1.0	1	1372	0	1	1	1.0
1573	CES	0.0	1.0	1	1373	0	1	1	1.0
1574	CES	0.0	1.0	1	1374	0	1	1	1.0
1575	CES	0.0	1.0	1	1375	0	1	1	1.0
1576	CES	0.0	1.0	1	1376	0	1	1	1.0
1577	CES	0.0	1.0	1	1377	0	1	1	1.0
1578	CES	0.0	1.0	1	1378	0	1	1	1.0
1579	CES	0.0	1.0	1	1379	0	1	1	1.0
1580	CES	0.0	1.0	1	1380	0	1	1	1.0
1581	CES	0.0	1.0	1	1381	0	1	1	1.0
1582	CES	0.0	1.0	1	1382	0	1	1	1.0
1583	CES	0.0	1.0	1	1383	0	1	1	1.0
1584	CES	0.0	1.0	1	1384	0	1	1	1.0
1585	CES	0.0	1.0	1	1385	0	1	1	1.0
1586	CES	0.0	1.0	1	1386	0	1	1	1.0
1587	CES	0.0	1.0	1	1387	0	1	1	1.0
1588	CES	0.0	1.0	1	1388	0	1	1	1.0
1589	CES	0.0	1.0	1	1389	0	1	1	1.0
1590	CES	0.0	1.0	1	1390	0	1	1	1.0
1591	CES	0.0	1.0	1	1391	0	1	1	1.0
1592	CES	0.0	1.0	1	1392	0	1	1	1.0
1593	CES	0.0	1.0	1	1393	0	1	1	1.0
1594	CES	0.0	1.0	1	1394	0	1	1	1.0
1595	CES	0.0	1.0	1	1395	0	1	1	1.0
1596	CES	0.0	1.0	1	1396	0	1	1	1.0
1597	CES	0.0	1.0	1	1397	0	1	1	1.0
1598	CES	0.0	1.0	1	1398	0	1	1	1.0
1599	CES	0.0	1.0	1	1399	0	1	1	1.0
1600	CES	0.0	1.0	1	1400	0	1	1	1.0
1601	CES	0.0	1.0	1	1401	0	1	1	1.0
1602	CES	0.0	1.0	1	1402	0	1	1	1.0
1603	CES	0.0	1.0	1	1403	0	1	1	1.0
1604	CES	0.0	1.0	1	1404	0	1	1	1.0
1605	CES	0.0	1.0	1	1405	0	1	1	1.0
1606	CES	0.0	1.0	1	1406	0	1	1	1.0
1607	CES	0.0	1.0	1	1407	0	1	1	1.0
1608	CES	0.0	1.0	1	1408	0	1	1	1.0
1609	CES	0.0	1.0	1	1409	0	1	1	1.0
1610	CES	0.0	1.0	1	1410	0	1	1	1.0
1611	CES	0.0	1.0	1	1411	0	1	1	1.0
1612	CES	0.0	1.0	1	1412	0	1	1	1.0
1613	CES	0.0	1.0	1	1413	0	1	1	1.0
1614	CES	0.0	1.0	1	1414	0	1	1	1.0
1615	CES	0.0	1.0	1	1415	0	1	1	1.0
1616	CES	0.0	1.0	1	1416	0	1	1	1.0
1617	CES	0.0	1.0	1	1417	0	1	1	1.0
1618	CES	0.0	1.0	1	1418	0	1	1	1.0
1619	CES	0.0	1.0	1	1419	0	1	1	1.0
1620	CES	0.0	1.0	1	1420	0	1	1	1.0
1621	CES	0.0	1.0	1	1421	0	1	1	1.0
1622	CES	0.0	1.0	1	1422	0	1	1	1.0
1623	CES	0.0	1.0	1	1423	0	1	1	1.0
1624	CES	0.0	1.0	1	1424	0	1	1	1.0
1625	CES	0.0	1.0	1	1425	0	1	1	1.0
1626	CES	0.0	1.0	1	1426	0	1	1	1.0
1627	CES	0.0	1.0	1	1427	0	1	1	1.0
1628	CES	0.0	1.0	1	1428	0	1	1	1.0
1629	CES	0.0	1.0	1	1429	0	1	1	1.0
1630	CES	0.0	1.0	1	1430	0	1	1	1.0
1631	CES	0.0	1.0	1	1431	0	1	1	1.0
1632	CES	0.0	1.0	1	1432	0	1	1	1.0
1633	CES	0.0	1.0	1	1433	0	1	1	1.0
1634	CES	0.0	1.0	1	1434	0	1	1	1.0
1635	CES	0.0	1.0	1	1435	0	1	1	1.0
1636	CES	0.0	1.0	1	1436	0	1	1	1.0
1637	CES	0.0	1.0	1	1437	0	1	1	1.0
1638	CES	0.0	1.0	1	1438	0	1	1	1.0
1639	CES	0.0	1.0	1	1439	0	1	1	1.0
1640	CES	0.0	1.0	1	1440	0	1	1	1.0
1641	CES	0.0	1.0	1	1441	0	1	1	1.0
1642	CES	0.0	1.0	1	1442	0	1	1	1.0
1643	CES	0.0	1.0	1	1443	0	1	1	1.0
1644	CES	0.0	1.0	1	1444	0	1	1	1.0
1645	CES	0.0	1.0	1	1445	0	1	1	1.0
1646	CES	0.0	1.0	1	1446	0	1	1	1.0
1647	CES	0.0	1.0	1	1447	0	1	1	1.0
1648	CES	0.0	1.0	1	1448	0	1	1	1.0
1649	CES	0.0	1.0	1	1449	0	1	1	1.0
1650	CES	0.0	1.0	1	1450	0	1	1	1.0
1651	CES	0.0	1.0	1	1451	0	1	1	1.0
1652	CES	0.0	1.0	1	1452	0	1	1	1.0
1653	CES	0.0	1.0	1	1453	0	1	1	1.0
1654	CES	0.0	1.0	1	1454	0	1	1	1.0
1655	CES	0.0	1.0	1	1455	0	1	1	1.0
1656	CES	0.0	1.0	1	1456	0	1	1	1.0
1657	CES	0.0	1.0	1	1457	0	1	1	1.0
1658	CES	0.0	1.0	1	1458	0	1	1	1.0
1659	CES	0.0	1.0	1	1459	0	1	1	1.0
1660	CES	0.0	1.0	1	1460	0	1	1	1.0
1661	CES	0.0	1.0	1	1461	0	1	1	1.0
1662	CES	0.0	1.0	1	1462	0	1	1	1.0
1663	CES	0.0	1.0	1	1463	0	1	1	1.0
1664	CES	0.0	1.0	1	1464	0	1	1	1.0
1665	CES	0.0	1.0	1	1465	0	1	1	1.0
1666	CES	0.0	1.0	1	1466	0	1	1	1.0
1667	CES	0.0	1.0	1	1467	0	1	1	1.0
1668	CES	0.0	1.0	1	1468	0	1	1	1.0
1669	CES	0.0	1.0	1	1469	0	1	1	1.0
1670	CES	0.0	1.0	1	1470	0	1	1	1.0
1671	CES	0.0	1.0	1	1471	0	1	1	1.0
1672	CES	0.0	1.0	1	1472	0	1	1	1.0
1673	CES	0.0	1.0	1	1473	0	1	1	1.0
1674	CES	0.0	1.0	1	1474	0	1	1	1.0
1675	CES	0.0	1.0	1	1475	0	1	1	1.0
1676	CES	0.0	1.0	1	1476	0	1	1	1.0
1677	CES	0.0	1.0	1	1477	0	1	1	1.0
1678	CES	0.0	1.0	1	1478	0	1	1	1.0
1679	CES	0.0	1.0	1	1479	0	1	1	1.0
1680	CES	0.0	1.0	1	1480	0	1	1	1.0
1681	CES	0.0	1.0	1	1481	0	1	1	1.0
1682	CES	0.0	1.0	1	1482	0	1	1	1.0
1683	CES	0.0	1.0	1	1483	0	1	1	1.0
1684	CES	0.0	1.0	1	1484	0	1	1	1.0
1685	CES	0.0	1.0	1	1485	0	1	1	1.0
1686	CES	0.0	1.0	1	1486	0	1	1	1.0
1687	CES	0.0	1.0	1	1487	0	1	1	1.0
1688	CES	0.0	1.0	1	1488	0	1	1	1.0
1689	CES	0.0	1.0	1	1489	0	1	1	1.0
1690	CES	0.0	1.0	1	1490	0	1	1	1.0
1691	CES	0.0	1.0	1	1491	0	1	1	1.0
1692	CES	0.0	1.0	1	1492	0	1	1	1.0
1693	CES	0.0	1.0	1	1493	0	1	1	1.0
1694	CES	0.0	1.0	1	1494	0	1	1	1.0
1695	CES	0.0	1.0	1	1495	0	1	1	1.0
1696	CES	0.0	1.0	1	1496	0	1	1	1.0
1697	CES	0.0	1.0	1	1497	0	1	1	1.0
1698	CES	0.0	1.0	1	1498	0	1	1	1.0
1699	CES	0.0	1.0	1	1499	0	1	1	1.0
1700	CES	0.0	1.0	1	1500	0	1	1	1.0
1701	CES	0.0	1.0	1	1501	0	1	1	1.0
1702	CES	0.0	1.0	1	1502	0	1	1	1.0
1703	CES	0.0	1.0	1	1503	0	1	1	1.0
1704	CES	0.0	1.0	1	1504	0	1	1	1.0
1705	CES	0.0	1.0	1	1505	0	1	1	1.0
1706	CES	0.0	1.0	1	1506	0	1	1	1.0
1707	CES	0.0	1.0	1	1507	0	1	1	1.0
1708	CES	0.0	1.0	1	1508	0	1	1	1.0
1709	CES	0.0	1.0	1	1509	0	1	1	1.0
1710	CES	0.0	1.0	1	1510	0	1	1	1.0
1711	CES	0.0	1.0	1	1511	0	1	1	1.0
1712	CES	0.0	1.0	1	1512	0	1	1	1.0
1713	CES	0.0	1.0	1	1513	0	1	1	1.0
1714	CES	0.0	1.0	1	1514	0	1	1	1.0
1715	CES	0.0	1.0	1	1515	0	1	1	1.0
1716	CES	0.0	1.0	1	1516	0	1	1	1.0
1717	CES	0.0	1.0	1	1517	0	1	1	1.0
1718	CES	0.0	1.0	1	1518	0	1	1	1.0
1719	CES	0.0	1.0	1	1519	0	1	1	1.0
1720	CES	0.0	1.0	1	1520	0	1	1	1.0
1721	CES	0.0	1.0	1	1521	0	1	1	1.0
1722	CES	0.0	1.0	1	1522	0	1	1	1.0
1723	CES	0.0	1.0	1	1523	0	1	1	1.0
1724	CES	0.0	1.0	1	1524	0	1	1	1.0
1725	CES	0.0	1.0	1	1525	0	1	1	1.0
1726	CES	0.0	1.0	1	1526	0	1	1	1.0
1727	CES	0.0	1.0	1	1527	0	1	1	1.0
1728	CES	0.0	1.0	1	1528	0	1	1	1.0
1729	CES	0.0	1.0	1	1529	0	1	1	1.0
1730	CES	0.0	1.0	1	1530	0	1	1	1.0
1731	CES	0.0	1.0	1	1531	0	1	1	1.0
1732	CES	0.0	1.0	1	1532	0	1	1	1.0
1733	CES	0.0	1.0	1	1533	0	1	1	1.0
1734	CES	0.0	1.0	1	1534	0	1	1	1.0
1735	CES	0.0	1.0	1	1535	0	1	1	1.0
1736	CES	0.0	1.0	1	1536	0	1	1	1.0
1737	CES	0.0	1.0	1	1537	0	1	1	1.0
1738	CES	0.0	1.0	1	1538	0	1	1	1.0
1739	CES	0.0	1.0	1	1539	0	1	1	1.0
1740	CES	0.0	1.0	1	1540	0	1	1	1.0
1741	CES	0.0	1.0	1	1541	0	1	1	1.0
1742	CES	0.0	1.0	1	1542	0	1	1	1.0
1743	CES	0.0	1.0	1	1543	0	1	1	1.0
1744	CES	0.0	1.0	1	1544	0	1	1	1.0
1745	CES	0.0	1.0	1	1545	0	1	1	1.0
1746	CES	0.0	1.0	1	1546	0	1	1	1.0
1747	CES	0.0	1.0	1	1547	0	1	1	1.0
1748	CES	0.0	1.0	1	1548	0	1	1	1.0
1749	CES	0.0	1.0	1	1549	0	1	1	1.0
1750	CES	0.0	1.0	1	1550	0	1	1	1.0
1751	CES	0.0	1.0	1	1551	0	1	1	1.0
1752	CES	0.0	1.0	1	1552	0	1	1	1.0
1753	CES	0.0	1.0	1	1553	0	1	1	1.0
1754	CES	0.0	1.0	1	1554	0	1	1	1.0
1755	CES	0.0	1.0	1	1555	0	1	1	1.0
1756	CES	0.0	1.0	1	1556	0	1	1	1.0
1757	CES	0.0	1.0	1	1557	0	1	1	1.0
1758	CES	0.0	1.0	1	1558	0	1	1	1.0
1759	CES	0.0	1.0	1	1559	0	1	1	1.0
1760	CES	0.0	1.0	1	1560	0	1	1	1.0
1761	CES	0.0	1.0	1	1561	0	1	1	1.0
1762	CES	0.0	1.0	1	1562	0	1	1	1.0
1763	CES	0.0	1.0	1	1563	0	1	1	1.0
1764	CES	0.0	1.0	1	1564	0	1	1	1.0
1765	CES	0.0	1.0	1	1565	0	1	1	1.0
1766	CES	0.0	1.0	1	1566	0	1	1	1.0
1767	CES	0.0	1.0	1	1567	0	1	1	1.0
1768	CES	0.0	1.0	1	1568	0	1	1	1.0
1769	CES	0.0	1.0	1	1569	0	1	1	1.0
1770	CES	0.0	1.0	1	1570	0	1	1	1.0
1771	CES	0.0	1.0	1	1571	0	1	1	1.0
1772	CES	0.0	1.0	1	1572	0	1	1	1.0
1773	CES	0.0	1.0	1	1573	0	1	1	1.0
1774	CES	0.0	1.0	1	1574	0	1	1	1.0
1775	CES	0.0	1.0	1	1575	0	1	1	1.0
1776	CES	0.0	1.0	1	1576	0	1	1	1.0
1777	CES	0.0	1.0	1	1577	0	1	1	1.0
1778	CES	0.0	1.0	1	1578	0	1	1	1.0
1779	CES	0.0	1.0	1	1579	0	1	1	1.0
1780	CES	0.0	1.0	1	1580	0	1	1	1.0
1781	CES	0.0	1.0	1	1581	0	1	1	1.0
1782	CES	0.0	1.0	1	1582	0	1	1	1.0
1783	CES	0.0	1.0	1	1583	0	1	1	1.0
1784	CES	0.0	1.0	1	1584	0	1	1	1.0
1785	CES	0.0	1.0	1	1585	0	1	1	1.0
1786	CES	0.0	1.0	1	1586	0	1	1	1.0
1787	CES	0.0	1.0	1	1587	0	1	1	1.0
1788	CES	0.0	1.0	1	1588	0	1	1	1.0
1789	CES	0.0	1.0	1	1589	0	1	1	1.0
1790	CES	0.0	1.0	1	1590	0	1	1	1.0
1791	CES	0.0	1.0	1	1591	0	1	1	1.0
1792	CES	0.0	1.0	1	1592	0	1	1	1.0
1793	CES	0.0	1.0	1	1593	0	1	1	1.0
1794	CES	0.0	1.0	1	1594	0	1	1	1.0
1795	CES	0.0	1.0	1	1595	0	1	1	1.0
1796	CES	0.0	1.0	1	1596	0	1	1	1.0
1797	CES	0.0	1.0	1	1597	0	1	1	1.0
1798	CES	0.0	1.0	1	1598	0	1	1	1.0
1799	CES	0.0	1.0	1	1599	0	1	1	1.0
1800	CES	0.0	1.0	1	1600	0	1	1	1.0
1801	CES	0.0	1.0	1	1601	0	1	1	1.0
1802	CES	0.0	1.0	1	1602	0	1	1	1.0
1803	CES	0.0	1.0	1	1603	0	1	1	1.0
1804	CES	0.0	1.0	1	1604	0	1	1	1.0
1805	CES	0.0	1.0	1	1605	0	1	1	1.0
1806	CES	0.0	1.0	1	1606	0	1	1	1.0
1807	CES	0.0	1.0	1	1607	0	1	1	1.0
1808	CES	0.0	1.0	1	1608	0	1	1	1.0
1809	CES	0.0	1.0	1	1609	0	1	1	1.0
1810	CES	0.0	1.0	1	1610	0	1	1	1.0
1811	CES	0.0	1.0	1	1611	0	1	1	1.0
1812	CES	0.0	1.0	1	1612	0	1	1	1.0
1813	CES	0.0	1.0	1	1613	0	1	1	1.0
1814	CES	0.0	1.0	1	1614	0	1	1	1.0
1815	CES	0.0	1.0	1	1615	0	1	1	1.0
1816	CES	0.0	1.0	1	1616	0	1	1	1.0
1817	CES	0.0	1.0	1	1617	0	1	1	1.0
1818	CES	0.0	1.0	1	1618	0	1	1	1.0
1819	CES	0.0	1.0	1	1619	0	1	1	1.0
1820	CES	0.0	1.0	1	1620	0	1	1	1.0
1821	CES	0.0	1.0	1	1621	0	1	1	1.0
1822	CES	0.0	1.0	1	1622	0	1	1	1.0
1823	CES	0.0	1.0	1	1623	0	1	1	1.0
1824	CES	0.0	1.0	1	1624	0	1	1	1.0
1825	CES	0.0	1.0	1	1625	0	1	1	1.0
1826	CES	0.0	1.0	1	1626	0	1	1	1.0
1827	CES	0.0	1.0	1	1627	0	1	1	1.0
1828	CES	0.0	1.0	1	1628	0	1	1	1.0
1829	CES	0.0	1.0	1	1629	0	1	1	1.0
1830	CES	0.0	1.0	1	1630	0	1	1	1.0
1831	CES	0.0	1.0	1	1631	0	1	1	1.0
1832	CES	0.0	1.0	1	1632	0	1	1	1.0
1833	CES	0.0	1.0	1	1633	0	1	1	1.0
1834	CES	0.0	1.0	1	1634	0	1	1	1.0
1835	CES	0.0	1.0	1	1635	0	1	1	1.0
1836	CES	0.0	1.0	1	1636	0	1	1	1.0
1837	CES	0.0	1.0	1	1637	0	1	1	1.0
1838	CES	0.0	1.0	1	1638	0	1	1	1.0
1839	CES	0.0	1.0	1	1639	0	1	1	1.0
1840	CES	0.0	1.0	1	1640	0	1	1	1.0
1841	CES	0.0	1.0	1	1641	0	1	1	1.0
1842	CES	0.0	1.0	1	1642	0	1	1	1.0
1843	CES	0.0	1.0	1	1643	0	1	1	1.0
1844	CES	0.0	1.0	1	1644	0	1	1	1.0
1845	CES	0.0	1.0	1	1645	0	1	1	1.0
1846	CES	0.0	1.0	1	1646	0	1	1	1.0
1847	CES	0.0	1.0	1	1647	0	1	1	1.0
1848	CES	0.0	1.0	1	1648	0	1	1	1.0
1849	CES	0.0	1.0	1	1649	0	1	1	1.0
1850	CES	0.0	1.0	1	1650	0	1	1	1.0
1851	CES	0.0	1.0	1	1651	0	1	1	1.0
1852	CES	0.0	1.0	1	1652	0	1	1	1.0
1853	CES	0.0	1.0	1	1653	0	1	1	1.0
1854	CES	0.0	1.0	1	1654	0	1	1	1.0
1855	CES	0.0	1.0	1	1655	0	1	1	1.0
1856	CES	0.0	1.0	1	1656	0	1	1	1.0
1857	CES	0.0	1.0	1	1657	0	1	1	1.0
1858	CES	0.0	1.0	1	1658	0	1	1	1.0
1859	CES	0.0	1.0	1	1659	0	1	1	1.0
1860	CES	0.0	1.0	1	1660	0	1	1	1.0
1861	CES	0.0	1.0	1	1661	0	1	1	1.0
1862	CES	0.0	1.0	1	1662	0	1	1	1.0
1863	CES	0.0	1.0	1	1663	0	1	1	1.0
1864	CES	0.0	1.0	1	1664	0	1	1	1.0
1865	CES	0.0	1.0	1	1665	0	1	1	1.0
1866	CES	0.0	1.0	1	1666	0	1	1	1.0
1867	CES	0.0	1.0	1	1667	0	1	1	1.0
1868	CES	0.0	1.0	1	1668	0	1	1	1.0
1869	CES	0.0	1.0	1	1669	0	1	1	1.0
1870	CES	0.0	1.0	1	1670	0	1	1	1.0
1871	CES	0.0	1.0	1	1671	0	1	1	1.0
1872	CES	0.0	1.0	1	1672	0	1	1	1.0
1873	CES	0.0	1.0	1	1673	0	1	1	1.0
1874	CES	0.0	1.0	1	1674	0	1	1	1.0
1875	CES	0.0	1.0	1	1675	0	1	1	1.0
1876	CES	0.0	1.0	1	1676	0	1	1	1.0
1877	CES	0.0	1.0	1	1677	0	1	1	1.0
1878	CES	0.0	1.0	1	1678	0	1	1	1.0
1879	CES	0.0	1.0	1	1679	0	1	1	1.0
1880	CES	0.0	1.0	1	1680	0	1	1	1.0
1881	CES	0.0	1.0	1	1681	0	1	1	1.0
1882	CES	0.0	1.0	1	1682	0	1	1	1.0
1883	CES	0.0	1.0	1	1683	0	1	1	1.0
1884	CES	0.0	1.0	1	1684	0	1	1	1.0
1885	CES	0.0	1.0	1	1685	0	1	1	1.0
1886	CES	0.0	1.0	1	1686	0	1	1	1.0
1887	CES	0.0	1.0	1	1687	0	1	1	1.0
1888	CES	0.0	1.0	1	1688	0	1	1	1.0
1889	CES	0.0	1.0	1	1689	0	1	1	1.0
1890	CES	0.0	1.0	1	1690	0	1	1	1.0
1891	CES	0.0	1.0	1	1691	0	1	1	1.0
1892	CES	0.0	1.0	1	1692	0	1	1	1.0
1893	CES	0.0	1.0	1	1693	0	1	1	1.0
1894	CES	0.0	1.0	1	1694	0	1	1	1.0
1895	CES	0.0	1.0	1	1695	0	1	1	1.0
1896	CES	0.0	1.0	1	1696	0	1	1	1.0
1897	CES	0.0	1.0	1	1697	0	1	1	1.0
1898	CES	0.0	1.0	1	1698	0	1	1	1.0
1899	CES	0.0	1.0	1	1699	0	1	1	1.0
1900	CES	0.0	1.0	1	1700	0	1	1	1.0
1901	CES	0.0	1.0	1	1701	0	1	1	1.0
1902	CES	0.0	1.0	1	1702	0	1	1	1.0
1903	CES	0.0	1.0	1	1703	0	1	1	1.0
1904	CES	0.0	1.0	1	1704	0	1	1	1.0
1905	CES	0.0	1.0	1	1705	0	1	1	1.0
1906	CES	0.0	1.0	1	1706	0	1	1	1.0
1907	CES	0.0	1.0	1	1707	0	1	1	1.0
1908	CES	0.0	1.0	1	1708	0	1	1	1.0
1909	CES	0.0	1.0	1	1709	0	1	1	1.0
1910	CES	0.0	1.0	1	1710	0	1	1	1.0
1911	CES	0.0	1.0	1	1711	0	1	1	1.0
1912	CES	0.0	1.0	1	1712	0	1	1	1.0
1913	CES	0.0	1.0	1	1713	0	1	1	1.0
1914	CES	0.0	1.0	1	1714	0	1	1	1.0
1915	CES	0.0	1.0	1	1715	0	1	1	1.0
1916	CES	0.0	1.0	1	1716	0	1	1	1.0
1917	CES	0.0	1.0	1	1717	0	1	1	1.0
1918	CES	0.0	1.0	1	1718	0	1	1	1.0
1919	CES	0.0	1.0	1	1719	0	1	1	1.0
1920	CES	0.0	1.0	1	1720	0	1	1	1.0
1921	CES	0.0	1.0	1	1721	0	1	1	1.0
1922	CES	0.0	1.0	1	1722	0	1	1	1.0
1923	CES	0.0	1.0	1	1723	0	1	1	1.0
1924	CES	0.0	1.0	1	1724	0	1	1	1.0
1925	CES	0.0	1.0	1	1725	0	1	1	1.0
1926	CES	0.0	1.0	1	1726	0	1	1	1.0
1927	CES	0.0	1.0	1	1727	0	1	1	1.0
1928	CES	0.0	1.0	1	1728	0	1	1	1.0
1929	CES	0.0	1.0	1	1729	0	1	1	1.0
1930	CES	0.0	1.0	1	1730	0	1	1	1.0
1931	CES	0.0	1.0	1	1731	0	1	1	1.0
1932	CES	0.0	1.0	1	1732	0	1	1	1.0
1933	CES	0.0	1.0	1	1733	0	1	1	1.0
1934	CES	0.0	1.0	1	1734	0	1	1	1.0
1935	CES	0.0	1.0	1	1735	0	1	1	1.0
1936	CES	0.0	1.0	1	1736	0	1	1	1.0
1937	CES	0.0	1.0	1	1737	0	1	1	1.0
1938	CES	0.0	1.0	1	1738	0	1	1	1.0
1939	CES	0.0	1.0	1	1739	0	1	1	1.0
1940	CES	0.0	1.0	1	1740	0	1	1	1.0
1941	CES	0.0	1.0	1	1741	0	1	1	1.0
1942	CES	0.0	1.0	1	1742	0	1	1	1.0
1943	CES	0.0	1.0	1	1743	0	1	1	1.0
1944	CES	0.0	1.0	1	1744	0	1	1	1.0
1945	CES	0.0	1.0	1	1745	0	1	1	1.0
1946	CES	0.0	1.0	1	1746	0	1	1	1.0
1947	CES	0.0	1.0	1	1747	0	1	1	1.0
1948	CES	0.0	1.0	1	1748	0	1	1	1.0
1949	CES	0.0	1.0	1	1749	0	1	1	1.0
1950	CES	0.0	1.0	1	1750	0	1	1	1.0
1951	CES	0.0	1.0	1	1751	0	1	1	1.0
1952	CES	0.0	1.0	1	1752	0	1	1	1.0
1953	CES	0.0	1.0	1	1753	0	1	1	1.0
1954	CES	0.0	1.0	1	1754	0	1	1	1.0
1955	CES	0.0	1.0	1	1755	0	1	1	1.0
1956	CES	0.0	1.0	1	1756	0	1	1	1.0
1957	CES	0.0	1.0	1	1757	0	1	1	1.0
1958	CES	0.0	1.0	1	1758	0	1	1	1.0
1959	CES	0.0	1.0	1	1759	0	1	1	1.0
1960	CES	0.0	1.0	1	1760	0	1	1	1.0
1961	CES	0.0	1.0	1	1761	0	1	1	1.0
1962	CES	0.0	1.0	1	1762	0	1	1	1.0
1963	CES	0.0	1.0	1	1763	0	1	1	1.0
1964	CES	0.0	1.0	1	1764	0	1	1	1.0
1965	CES	0.0	1.0	1	1765	0	1	1	1.0
1966	CES	0.0	1.0	1	1766	0	1	1	1.0
1967	CES	0.0	1.0	1	1767	0	1	1	1.0
1968	CES	0.0	1.0	1	1768	0	1	1	1.0
1969	CES	0.0	1.0	1	1769	0	1	1	1.0
1970	CES	0.0	1.0	1	1770	0	1	1	1.0
1971	CES	0.0	1.0	1	1771	0	1	1	1.0
1972	CES	0.0	1.0	1	1772	0	1	1	1.0
1973	CES	0.0	1.0	1	1773	0	1	1	1.0
1974	CES	0.0	1.0	1	1774	0	1	1	1.0
1975	CES	0.0	1.0	1	1775	0	1	1	1.0
1976	CES	0.0	1.0	1	1776	0	1	1	1.0
1977	CES	0.0	1.0	1	1777	0	1	1	1.0
1978	CES	0.0	1.0	1	1778	0	1	1	1.0
1979	CES	0.0	1.0	1	1779	0	1	1	1.0
1980	CES	0.0	1.0	1	1780	0	1	1	1.0
1981	CES	0.0	1.0	1	1781	0	1	1	1.0
1982	CES	0.0	1.0	1	1782	0	1	1	1.0
1983	CES	0.0	1.0	1	1783	0	1	1	1.0
1984	CES	0.0	1.0	1	1784	0	1	1	1.0
1985	CES	0.0	1.0	1	1785	0	1	1	1.0
1986	CES	0.0	1.0	1	1786	0	1	1	1.0
1987	CES	0.0	1.0	1	1787	0	1	1	1.0
1988	CES	0.0	1.0	1	1788	0	1	1	1.0
1989	CES	0.0	1.0	1	1789	0	1	1	1.0
1990	CES	0.0	1.0	1	1790	0	1	1	1.0
1991	CES	0.0	1.0	1	1791	0	1	1	1.0
1992	CES	0.0	1.0	1	1792	0	1	1	1.0
1993	CES	0.0	1.0	1	1793	0	1	1	1.0
1994	CES	0.0	1.0	1	1794	0	1	1	1.0
1995	CES	0.0	1.0	1	1795	0	1	1	1.0
1996	CES	0.0	1.0	1	1796	0	1	1	1.0
1997	CES	0.0	1.0	1	1797	0	1	1	1.0
1998	CES	0.0	1.0	1	1798	0	1	1	1.0
1999	CES	0.0	1.0	1	1799	0	1	1	1.0
2000	CES	0.0	1.0	1	1800	0	1	1	1.0
2001	CES	0.0	1.0	1	1801	0	1	1	1.0
2002	CES	0.0	1.0	1	1802	0	1	1	1.0
2003	CES	0.0	1.0	1	1803	0	1	1	1.0
2004	CES	0.0	1.0	1	1804	0	1	1	1.0
2005	CES	0.0	1.0	1	1805	0	1	1	1.0
2006	CES	0.0	1.0	1	1806	0	1	1	1.0
2007	CES	0.0	1.0	1	1807	0	1	1	1.0
2008	CES	0.0	1.0	1	1808	0	1	1	1.0
2009	CES	0.0	1.0	1	1809	0	1	1	1.0
2010	CES	0.0	1.0	1	1810	0	1	1	1.0
2011	CES	0.0	1.0	1	1811	0	1	1	1.0
2012	CES	0.0	1.0	1	1812	0	1	1	1.0
2013	CES	0.0	1.0	1	1813	0	1	1	1.0
2014	CES	0.0	1.0	1	1814	0	1	1	1.0
2015	CES	0.0	1.0	1	1815	0	1	1	1.0
2016	CES	0.0	1.0	1	1816	0	1	1	1.0
2017	CES	0.0	1.0	1	1817	0	1	1	1.0
2018	CES	0.0	1.0	1	1818	0	1	1	1.0
2019	CES	0.0	1.0	1	1819	0	1	1	1.0
2020	CES	0.0	1.0	1	1820	0	1	1	1.0
2021	CES	0.0	1.0	1	1821	0	1	1	1.0
2022	CES	0.0	1.0	1	1822	0	1	1	1.0
2023	CES	0.0	1.0	1	1823	0	1	1	1.0
2024	CES	0.0	1.0	1	1824	0	1	1	1.0
2025	CES	0.0	1.0	1	1825	0	1	1	1.0
2026	CES	0.0	1.0	1	1826	0	1	1	1.0
2027	CES	0.0	1.0	1	1827	0	1	1	1.0
2028	CES	0.0	1.0	1	1828	0	1	1	1.0
2029	CES	0.0	1.0	1	1829	0	1	1	1.0
2030	CES	0.0	1.0	1	1830	0	1	1	1.0
2031	CES	0.0	1.0	1	1831	0	1	1	1.0
2032	CES	0.0	1.0	1	1832	0	1	1	1.0
2033	CES	0.0	1.0	1	1833	0	1	1	1.0
2034	CES	0.0	1.0	1	1834	0	1	1	1.0
2035	CES	0.0	1.0	1	1835	0	1	1	1.0
2036	CES	0.0	1.0	1	1836	0	1	1	1.0
2037	CES	0.0	1.0	1	1837	0	1	1	1.0
2038	CES	0.0	1.0	1	1838	0	1	1	1.0
2039	CES	0.0	1.0	1	1839	0	1	1	1.0
2040	CES	0.0	1.0	1	1840	0	1	1	1.0
2041	CES	0.0	1.0	1	1841	0	1	1	1.0
2042	CES	0.0	1.0	1	1842	0	1	1	1.0
2043	CES	0.0	1.0	1	1843	0	1	1	1.0
2044	CES	0.0	1.0	1	1844	0	1	1	1.0
2045	CES	0.0	1.0	1	1845	0	1	1	1.0
2046	CES	0.0	1.0	1	1846	0	1	1	1.0
2047	CES	0.0	1.0	1	1847	0	1	1	1.0
2048	CES	0.0	1.0	1	1848	0	1	1	1.0
2049	CES	0.0	1.0	1	1849	0	1	1	1.0
2050	CES	0.0	1.0	1	1850	0	1	1	1.0
2051	CES	0.0	1.0	1	1851	0	1	1	1.0
2052	CES	0.0	1.0	1	1852	0	1	1	1.0
2053	CES	0.0	1.0	1	1853	0	1	1	1.0
2054	CES	0.0	1.0	1	1854	0	1	1	1.0
2055	CES	0.0	1.0	1	1855	0	1	1	1.0
2056	CES	0.0	1.0	1	1856	0	1	1	1.0
2057	CES	0.0	1.0	1	1857	0	1	1	1.0
2058	CES	0.0	1.0	1	1858	0	1	1	1.0
2059	CES	0.0	1.0	1	1859	0	1	1	1.0
2060	CES	0.0	1.0	1	1860	0	1	1	1.0
2061	CES	0.0	1.0	1	1861	0	1	1	1.0
2062	CES	0.0	1.0	1	1862	0	1	1	1.0
2063	CES	0.0	1.0	1	1863	0	1	1	1.0
2064	CES	0.0	1.0	1	1864	0	1	1	1.0
2065	CES	0.0	1.0	1	1865	0	1	1	1.0
2066	CES	0.0	1.0	1	1866	0	1	1	1.0
2067	CES	0.0	1.0	1	1867	0	1	1	1.0
2068	CES	0.0	1.0	1	1868	0	1	1	1.0
2069	CES	0.0	1.0	1	1869	0	1	1	1.0
2070	CES	0.0	1.0	1	1870	0	1	1	1.0
2071	CES	0.0	1.0	1	1871	0	1	1	1.0
2072	CES	0.0	1.0	1	1872	0	1	1	1.0
2073	CES	0.0	1.0	1	1873	0	1	1	1.0
2074	CES	0.0	1.0	1	1874	0	1	1	1.0
2075	CES	0.0	1.0	1	1875	0	1	1	1.0
2076	CES	0.0	1.0	1	1876	0	1	1	1.0
2077	CES	0.0	1.0	1	1877	0	1	1	1.0
2078	CES	0.0	1.0	1	1878	0	1	1	1.0
2079	CES	0.0	1.0	1	1879	0	1	1	1.0
2080	CES	0.0	1.0	1	1880	0	1	1	1.0
2081	CES	0.0	1.0	1	1881	0	1	1	1.0
2082	CES	0.0	1.0	1	1882	0	1	1	1.0
2083	CES	0.0	1.0	1	1883	0	1	1	1.0
2084	CES	0.0	1.0	1	1884	0	1	1	1.0
2085	CES	0.0	1.0	1	1885	0	1	1	1.0
2086	CES	0.0	1.0	1	1886	0	1	1	1.0
2087	CES	0.0	1.0	1	1887	0	1	1	1.0
2088	CES	0.0	1.0	1	1888	0	1	1	1.0
2089	CES	0.0	1.0	1	1889	0	1	1	1.0
2090	CES	0.0	1.0	1	1890	0	1	1	1.0
2091	CES	0.0	1.0	1	1891	0	1	1	1.0
2092	CES	0.0	1.0	1	1892	0	1	1	1.0
2093	CES	0.0	1.0	1	1893	0	1	1	1.0
2094	CES	0.0	1.0	1	1894	0	1	1	1.0
2095	CES	0.0	1.0	1	1895	0	1	1	1.0
2096	CES	0.0	1.0	1	1896	0	1	1	1.0
2097	CES	0.0	1.0	1	1897	0	1	1	1.0
2098	CES	0.0	1.0	1	1898	0	1	1	1.0
2099	CES	0.0	1.0	1	1899	0	1	1	1.0
2100	CES	0.0	1.0	1	1900	0	1	1	1.0
2101	CES	0.0	1.0	1	1901	0	1	1	1.0
2102	CES	0.0	1.0	1	1902	0	1	1	1.0
2103	CES	0.0	1.0	1	1903	0	1	1	1.0
2104	CES	0.0	1.0	1	1904	0	1	1	1.0
2105	CES	0.0	1.0	1	1905	0	1	1	1.0
2106	CES	0.0	1.0	1	1906	0	1	1	1.0
2107	CES	0.0	1.0	1	1907	0	1	1	1.0
2108	CES	0.0	1.0	1	1908	0	1	1	1.0
2109	CES	0.0	1.0	1	1909	0	1	1	1.0
2110	CES	0.0	1.0	1	1910	0	1	1	1.0
2111	CES	0.0	1.0	1	1911	0	1	1	1.0
2112	CES	0.0	1.0	1	1912	0	1	1	1.0
2113	CES	0.0	1.0	1	1913	0	1	1	1.0
2114	CES	0.0	1.0	1	1914	0	1	1	1.0
2115	CES	0.0	1.0	1	1915	0	1	1	1.0
2116	CES	0.0	1.0	1	1916	0	1	1	1.0
2117	CES	0.0	1.0	1	1917	0	1	1	1.0
2118	CES	0.0	1.0	1	1918	0	1	1	1.0
2119	CES	0.0	1.0	1	1919	0	1	1	1.0
2120	CES	0.0	1.0	1	1920	0	1	1	1.0
2121	CES	0.0	1.0	1	1921	0	1	1	1.0
2122	CES	0.0	1.0	1	1922	0	1	1	1.0
2123	CES	0.0	1.0	1	1923	0	1	1	1.0
2124	CES	0.0	1.0	1	1924	0	1	1	1.0
2125	CES	0.0	1.0	1	1925	0	1	1	1.0
2126	CES	0.0	1.0	1	1926	0	1	1	1.0
2127	CES	0.0	1.0	1	1927	0	1	1	1.0
2128	CES	0.0	1.0	1	1928	0	1	1	1.0
2129	CES	0.0	1.0	1	1929	0	1	1	1.0
2130	CES	0.0	1.0	1	1930	0	1	1	1.0
2131	CES	0.0	1.0	1	1931	0	1	1	1.0
2132	CES	0.0	1.0	1	1932	0	1	1	1.0
2133	CES	0.0	1.0	1	1933	0	1	1	1.0
2134	CES	0.0	1.0	1	1934	0	1	1	1.0
2135	CES	0.0	1.0	1	1935	0	1	1	1.0
2136	CES	0.0	1.0	1	1936	0	1	1	1.0
2137	CES	0.0	1.0	1	1937	0	1	1	1.0
2138	CES	0.0	1.0	1	1938	0	1	1	1.0
2139	CES	0.0	1.0	1	1939	0	1	1	1.0
2140	CES	0.0	1.0	1	1940	0	1	1	1.0
2141	CES	0.0	1.0	1	1941	0	1	1	1.0
2142	CES	0.0	1.0	1	1942	0	1	1	1.0
2143	CES	0.0	1.0	1	1943	0	1	1	1.0
2144	CES	0.0	1.0	1	1944	0	1	1	1.0
2145	CES	0.0	1.0	1	1945	0	1	1	1.0
2146	CES	0.0	1.0	1	1946	0	1	1	1.0
2147	CES	0.0	1.0	1	1947	0	1	1	1.0
2148	CES	0.0	1.0	1	1948	0	1	1	1.0
2149	CES	0.0	1.0	1	1949	0	1	1	1.0
2150	CES	0.0	1.0	1	1950	0	1	1	1.0
2151	CES	0.0	1.0	1	1951	0	1	1	1.0
2152	CES	0.0	1.0	1	1952	0	1	1	1.0
2153	CES	0.0	1.0	1	1953	0	1	1	1.0
2154	CES	0.0	1.0	1	1954	0	1	1	1.0
2155	CES	0.0	1.0	1	1955	0	1	1	1.0
2156	CES	0.0	1.0	1	1956	0	1	1	1.0
2157	CES	0.0	1.0	1	1957	0	1	1	1.0
2158	CES	0.0	1.0	1	1958	0	1	1	1.0
2159	CES	0.0	1.0	1	1959	0	1	1	1.0
2160	CES	0.0	1.0	1	1960	0	1	1	1.0
2161	CES	0.0	1.0	1	1961	0	1	1	1.0
2162	CES	0.0	1.0	1	1962	0	1	1	1.0
2163	CES	0.0	1.0	1	1963	0	1	1	1.0
2164	CES	0.0	1.0	1	1964	0	1	1	1.0
2165	CES	0.0	1.0	1	1965	0	1	1	1.0
2166	CES	0.0	1.0	1	1966	0	1	1	1.0
2167	CES	0.0	1.0	1	1967	0	1	1	1.0
2168	CES	0.0	1.0	1	1968	0	1	1	1.0
2169	CES	0.0	1.0	1	1969	0	1	1	1.0
2170	CES	0.0	1.0	1	1970	0	1	1	1.0
2171	CES	0.0	1.0	1	1971	0	1	1	1.0
2172	CES	0.0	1.0	1	1972	0	1	1	1.0
2173	CES	0.0	1.0	1	1973	0	1	1	1.0
2174	CES	0.0	1.0	1	1974	0	1	1	1.0
2175	CES	0.0	1.0	1	1975	0	1	1	1.0
2176	CES	0.0	1.0	1	1976	0	1	1	1.0
2177	CES	0.0	1.0	1	1977	0	1	1	1.0
2178	CES	0.0	1.0	1	1978	0	1	1	1.0
2179	CES	0.0	1.0	1	1979	0	1	1	1.0
2180	CES	0.0	1.0	1	1980	0	1	1	1.0
2181	CES	0.0	1.0	1	1981	0	1	1	1.0
2182	CES	0.0	1.0	1	1982	0	1	1	1.0
2183	CES	0.0	1.0	1	1983	0	1	1	1.0
2184	CES	0.0	1.0	1	1984	0	1	1	1.0
2185	CES	0.0	1.0	1	1985	0	1	1	1.0
2186	CES	0.0	1.0	1	1986	0	1	1	1.0
2187	CES	0.0	1.0	1	1987	0	1	1	1.0
2188	CES	0.0	1.0	1	1988	0	1	1	1.0
2189	CES	0.0	1.0	1	1989	0	1	1	1.0
2190	CES	0.0	1.0	1	1990	0	1	1	1.0
2191	CES	0.0	1.0	1	1991	0	1	1	1.0
2192	CES	0.0	1.0	1	1992	0	1	1	1.0
2193	CES	0.0	1.0	1	1993	0	1	1	1.0
2194	CES	0.0	1.0	1	1994	0	1	1	1.0
2195	CES	0.0	1.0	1	1995	0	1	1	1.0
2196	CES	0.0	1.0	1	1996	0	1	1	1.0
2197	CES	0.0	1.0	1	1997	0	1	1	1.0
2198	CES	0.0	1.0	1	1998	0	1	1	1.0
2199	CES	0.0	1.0	1	1999	0	1	1	1.0
2200	CES	0.0	1.0	1	2000	0	1	1	1.0
2201	CES	0.0	1.0	1	2001	0	1	1	1.0
2202	CES	0.0	1.0	1	2002	0	1	1	1.0
2203	CES	0.0	1.0	1	2003	0	1	1	1.0
2204	CES	0.0	1.0	1	2004	0	1	1	1.0
2205	CES	0.0	1.0	1	2005	0	1	1	1.0
2206	CES	0.0	1.0	1	2006	0	1	1	1.0
2207	CES	0.0	1.0	1	2007	0	1	1	1.0
2208	CES	0.0	1.0	1	2008	0	1	1	1.0
2209	CES	0.0	1.0	1	2009	0	1	1	1.0
2210	CES	0.0	1.0	1	2010	0	1	1	1.0
2211	CES	0.0	1.0	1	2011	0	1	1	1.0
2212	CES	0.0	1.0	1	2012	0	1	1	1.0
2213	CES	0.0	1.0	1	2013	0	1	1	1.0
2214	CES	0.0	1.0	1	2014	0	1	1	1.0
2215	CES	0.0	1.0	1	2015	0	1	1	1.0
2216	CES	0.0	1.0	1	2016	0	1	1	1.0
2217	CES	0.0	1.0	1	2017	0	1	1	1.0
2218	CES	0.0	1.0	1	2018	0	1	1	1.0
2219	CES	0.0	1.0	1	2019	0	1	1	1.0
2220	CES	0.0	1.0	1	2020	0	1	1	1.0
2221	CES	0.0	1.0	1	2021	0	1	1	1.0
2222	CES	0.0	1.0	1	2022	0	1	1	1.0
2223	CES	0.0	1.0	1	2023	0	1	1	1.0
2224	CES	0.0	1.0	1	2024	0	1	1	1.0
2225	CES	0.0	1.0	1	2025	0	1	1	1.0
2226	CES	0.0	1.0	1	2026	0	1	1	1.0
2227	CES	0.0	1.0	1	2027	0	1	1	1.0
2228	CES	0.0	1.0	1	2028	0	1	1	1.0
2229	CES	0.0	1.0	1	2029	0	1	1	1.0
2230	CES	0.0	1.0	1	2030	0	1	1	1.0
2231	CES	0.0	1.0	1	2031	0	1	1	1.0
2232	CES	0.0	1.0	1	2032	0	1	1	1.0
2233	CES	0.0	1.0	1	2033	0	1	1	1.0
2234	CES	0.0	1.0	1	2034	0	1	1	1.0
2235	CES	0.0	1.0	1	2035	0	1	1	1.0
2236	CES	0.0	1.0	1	2036	0	1	1	1.0
2237	CES	0.0	1.0	1	2037	0	1	1	1.0
2238	CES	0.0	1.0	1	2038	0	1	1	1.0
2239	CES	0.0	1.0	1	2039	0	1	1	1.0
2240	CES	0.0	1.0	1	2040	0	1	1	1.0
2241	CES	0.0	1.0	1	2041	0	1	1	1.0
2242	CES	0.0	1.0	1	2042	0	1	1	1.0
2243	CES	0.0	1.0	1	2043	0	1	1	1.0
2244	CES	0.0	1.0	1	2044	0	1	1	1.0
2245	CES	0.0	1.0	1	2045	0	1	1	1.0
2246	CES	0.0	1.0	1	2046	0	1	1	1.0
2247	CES	0.0	1.0	1	2047	0	1	1	1.0
2248	CES	0.0	1.0	1	2048	0	1	1	1.0
2249	CES	0.0	1.0	1	2049	0	1	1	1.0
2250	CES	0.0	1.0	1	2050	0	1	1	1.0
2251	CES	0.0	1.0	1	2051	0	1	1	1.0
2252	CES	0.0	1.0	1	2052	0	1	1	1.0
2253	CES	0.0	1.0	1	2053	0	1	1	1.0
2254	CES	0.0	1.0	1	2054	0	1	1	1.0
2255	CES	0.0	1.0	1	2055	0	1	1	1.0
2256	CES	0.0	1.0	1	2056	0	1	1	1.0
2257	CES	0.0	1.0	1	2057	0	1	1	1.0
2258	CES	0.0	1.0	1	2058	0	1	1	1.0
2259	CES	0.0	1.0	1	2059	0	1	1	1.0
2260	CES	0.0	1.0	1	2060	0	1	1	1.0
2261	CES	0.0	1.0	1	2061	0	1	1	1.0
2262	CES	0.0	1.0	1	2062	0	1	1	1.0
2263	CES	0.0	1.0	1	2063	0	1	1	1.0
2264	CES	0.0	1.0	1	2064	0	1	1	1.0
2265	CES	0.0	1.0	1	2065	0	1	1	1.0
2266	CES	0.0	1.0	1	2066	0	1	1	1.0
2267	CES	0.0	1.0	1	2067	0	1	1	1.0
2268	CES	0.0	1.0	1	2068	0	1	1	1.0
2269	CES	0.0	1.0	1	2069	0	1	1	1.0
2270	CES	0.0	1.0	1	2070	0	1	1	1.0
2271	CES	0.0	1.0	1	2071	0	1	1	1.0
2272	CES	0.0	1.0	1	2072	0	1	1	1.0
2273	CES	0.0	1.0	1	2073	0	1	1	1.0
2274	CES	0.0	1.0	1	2074	0	1	1	1.0
