person1_id,person2_id,sentence_id,description,is_true,relation_id,id
LTW_ENG_20081224.0072.LDC2009T13_351_25,LTW_ENG_20081224.0072.LDC2009T13_351_22,LTW_ENG_20081224.0072.LDC2009T13_351,Amy Madigan-Josh Lucas,f,LTW_ENG_20081224.0072.LDC2009T13_351_25-LTW_ENG_20081224.0072.LDC2009T13_351_22,213581
APW_ENG_20070321.1473.LDC2009T13_82_29,APW_ENG_20070321.1473.LDC2009T13_82_20,APW_ENG_20070321.1473.LDC2009T13_82,Brigitte Bardot-Heather Mills,f,APW_ENG_20070321.1473.LDC2009T13_82_29-APW_ENG_20070321.1473.LDC2009T13_82_20,282130
LTW_ENG_20070212.0059.LDC2009T13_99_25,LTW_ENG_20070212.0059.LDC2009T13_99_64,LTW_ENG_20070212.0059.LDC2009T13_99,Duff McKagan-Ciara,f,LTW_ENG_20070212.0059.LDC2009T13_99_25-LTW_ENG_20070212.0059.LDC2009T13_99_64,173091
NYT_ENG_20070704.0061.LDC2009T13_48_32,NYT_ENG_20070704.0061.LDC2009T13_48_29,NYT_ENG_20070704.0061.LDC2009T13_48,Danny Bonaduce-Ryan O'Neal,f,NYT_ENG_20070704.0061.LDC2009T13_48_32-NYT_ENG_20070704.0061.LDC2009T13_48_29,94105
NYT_ENG_20070128.0025.LDC2009T13_717_62,NYT_ENG_20070128.0025.LDC2009T13_717_22,NYT_ENG_20070128.0025.LDC2009T13_717,Robin Yount-Nolan Ryan,f,NYT_ENG_20070128.0025.LDC2009T13_717_62-NYT_ENG_20070128.0025.LDC2009T13_717_22,131650
APW_ENG_20080911.0269.LDC2009T13_432_27,APW_ENG_20080911.0269.LDC2009T13_432_15,APW_ENG_20080911.0269.LDC2009T13_432,Janet Jackson-Elton John,f,APW_ENG_20080911.0269.LDC2009T13_432_27-APW_ENG_20080911.0269.LDC2009T13_432_15,91518
38625@43_44,38625@43_53,38625@43,Seth Rogen-Leslie Mann,f,38625@43_44-38625@43_53,158959
eng-NG-31-142091-9996501_516_35,eng-NG-31-142091-9996501_516_20,eng-NG-31-142091-9996501_516,George Harrison-Paul McCartney,f,eng-NG-31-142091-9996501_516_35-eng-NG-31-142091-9996501_516_20,225752
APW_ENG_20080206.1663.LDC2009T13_406_3,APW_ENG_20080206.1663.LDC2009T13_406_16,APW_ENG_20080206.1663.LDC2009T13_406,Ellen Pompeo-Eric Dane,f,APW_ENG_20080206.1663.LDC2009T13_406_3-APW_ENG_20080206.1663.LDC2009T13_406_16,149283
eng-WL-110-174612-12993636_115_53,eng-WL-110-174612-12993636_115_51,eng-WL-110-174612-12993636_115,Angie Stone-Mashonda,f,eng-WL-110-174612-12993636_115_53-eng-WL-110-174612-12993636_115_51,241242
eng-WL-11-174595-12967366_914_8,eng-WL-11-174595-12967366_914_5,eng-WL-11-174595-12967366_914,Jason Alexander-Britney Spears,f,eng-WL-11-174595-12967366_914_8-eng-WL-11-174595-12967366_914_5,165775
82383@25_114,82383@25_79,82383@25,Gene Wilder-Merle Haggard,f,82383@25_114-82383@25_79,277263
eng-WL-107-174567-12933477_82_15,eng-WL-107-174567-12933477_82_2,eng-WL-107-174567-12933477_82,Justin Timberlake-Katherine Heigl,f,eng-WL-107-174567-12933477_82_15-eng-WL-107-174567-12933477_82_2,209054
eng-WL-11-174588-12938737_9790_15,eng-WL-11-174588-12938737_9790_4,eng-WL-11-174588-12938737_9790,Joan-Tom Cruise,f,eng-WL-11-174588-12938737_9790_15-eng-WL-11-174588-12938737_9790_4,148535
NYT_ENG_20081121.0047.LDC2009T13_1539_48,NYT_ENG_20081121.0047.LDC2009T13_1539_63,NYT_ENG_20081121.0047.LDC2009T13_1539,Irene-Gerald McRaney,f,NYT_ENG_20081121.0047.LDC2009T13_1539_48-NYT_ENG_20081121.0047.LDC2009T13_1539_63,248911
eng-WL-110-174612-12993397_37_30,eng-WL-110-174612-12993397_37_39,eng-WL-110-174612-12993397_37,Vanessa Carlton-Snoop Dogg,f,eng-WL-110-174612-12993397_37_30-eng-WL-110-174612-12993397_37_39,244197
NYT_ENG_20070712.0210.LDC2009T13_123_16,NYT_ENG_20070712.0210.LDC2009T13_123_42,NYT_ENG_20070712.0210.LDC2009T13_123,Andrew-Diana,f,NYT_ENG_20070712.0210.LDC2009T13_123_16-NYT_ENG_20070712.0210.LDC2009T13_123_42,287209
eng-NG-31-145805-10295759_56_1,eng-NG-31-145805-10295759_56_14,eng-NG-31-145805-10295759_56,Brad Pitt-Brad Pitt,f,eng-NG-31-145805-10295759_56_1-eng-NG-31-145805-10295759_56_14,107424
NYT_ENG_20080131.0266.LDC2009T13_864_25,NYT_ENG_20080131.0266.LDC2009T13_864_40,NYT_ENG_20080131.0266.LDC2009T13_864,Kennedy-John F. Kennedy,f,NYT_ENG_20080131.0266.LDC2009T13_864_25-NYT_ENG_20080131.0266.LDC2009T13_864_40,76225
LTW_ENG_20071012.0011.LDC2009T13_98_7,LTW_ENG_20071012.0011.LDC2009T13_98_0,LTW_ENG_20071012.0011.LDC2009T13_98,Hosni Mubarak-Gamal Mubarak,f,LTW_ENG_20071012.0011.LDC2009T13_98_7-LTW_ENG_20071012.0011.LDC2009T13_98_0,88026
NYT_ENG_20070807.0013.LDC2009T13_8_20,NYT_ENG_20070807.0013.LDC2009T13_8_23,NYT_ENG_20070807.0013.LDC2009T13_8,Frank Sinatra-Dean Martin,f,NYT_ENG_20070807.0013.LDC2009T13_8_20-NYT_ENG_20070807.0013.LDC2009T13_8_23,291071
eng-WL-106-174566-12931288_23_36,eng-WL-106-174566-12931288_23_42,eng-WL-106-174566-12931288_23,George Harrison-Joe Frazier,f,eng-WL-106-174566-12931288_23_36-eng-WL-106-174566-12931288_23_42,165338
eng-WL-11-174595-12968216_1294_10,eng-WL-11-174595-12968216_1294_0,eng-WL-11-174595-12968216_1294,Naomi Watts-Claire Danes,f,eng-WL-11-174595-12968216_1294_10-eng-WL-11-174595-12968216_1294_0,54853
LTW_ENG_20070614.0096.LDC2009T13_804_17,LTW_ENG_20070614.0096.LDC2009T13_804_29,LTW_ENG_20070614.0096.LDC2009T13_804,Duane Clark-Dick Clark,f,LTW_ENG_20070614.0096.LDC2009T13_804_17-LTW_ENG_20070614.0096.LDC2009T13_804_29,93152
45467@27_23,45467@27_9,45467@27,Patrick Wilson-Toni Collette,f,45467@27_23-45467@27_9,255804
72549@33_27,72549@33_90,72549@33,Christian Slater-S. Epatha Merkerson,f,72549@33_27-72549@33_90,142206
APW_ENG_20070403.0835.LDC2009T13_89_18,APW_ENG_20070403.0835.LDC2009T13_89_6,APW_ENG_20070403.0835.LDC2009T13_89,B.B. King-Paul Newman,f,APW_ENG_20070403.0835.LDC2009T13_89_18-APW_ENG_20070403.0835.LDC2009T13_89_6,145411
48538@5_30,48538@5_41,48538@5,Howard Stringer-Jeff Bezos,f,48538@5_30-48538@5_41,23365
APW_ENG_20080215.0114.LDC2009T13_495_20,APW_ENG_20080215.0114.LDC2009T13_495_1,APW_ENG_20080215.0114.LDC2009T13_495,Miley Cyrus-Billy Ray Cyrus,f,APW_ENG_20080215.0114.LDC2009T13_495_20-APW_ENG_20080215.0114.LDC2009T13_495_1,208056
APW_ENG_20080925.1258.LDC2009T13_174_40,APW_ENG_20080925.1258.LDC2009T13_174_31,APW_ENG_20080925.1258.LDC2009T13_174,Oscar de la Renta-Michael Douglas,f,APW_ENG_20080925.1258.LDC2009T13_174_40-APW_ENG_20080925.1258.LDC2009T13_174_31,7943
90852@47_38,90852@47_46,90852@47,Diane Keaton-Tom Cruise,f,90852@47_38-90852@47_46,3529
36745@34_35,36745@34_2,36745@34,Bill Nighy-Johnny Depp,f,36745@34_35-36745@34_2,62102
118549@2_32,118549@2_1,118549@2,Johnson-Lyndon Johnson,f,118549@2_32-118549@2_1,253497
LTW_ENG_20070206.0047.LDC2009T13_53_54,LTW_ENG_20070206.0047.LDC2009T13_53_38,LTW_ENG_20070206.0047.LDC2009T13_53,Libby-Valerie Plame,f,LTW_ENG_20070206.0047.LDC2009T13_53_54-LTW_ENG_20070206.0047.LDC2009T13_53_38,129696
NYT_ENG_20071214.0135.LDC2009T13_8_11,NYT_ENG_20071214.0135.LDC2009T13_8_14,NYT_ENG_20071214.0135.LDC2009T13_8,Guillaume Apollinaire-Amedeo Modigliani,f,NYT_ENG_20071214.0135.LDC2009T13_8_11-NYT_ENG_20071214.0135.LDC2009T13_8_14,194495
eng-NG-31-148812-10576052_1176_13,eng-NG-31-148812-10576052_1176_23,eng-NG-31-148812-10576052_1176,Emily-Rob,f,eng-NG-31-148812-10576052_1176_13-eng-NG-31-148812-10576052_1176_23,86531
LTW_ENG_20080809.0039.LDC2009T13_122_5,LTW_ENG_20080809.0039.LDC2009T13_122_9,LTW_ENG_20080809.0039.LDC2009T13_122,Madonna-Christopher Ciccone,f,LTW_ENG_20080809.0039.LDC2009T13_122_5-LTW_ENG_20080809.0039.LDC2009T13_122_9,10391
NYT_ENG_20071020.0014.LDC2009T13_855_35,NYT_ENG_20071020.0014.LDC2009T13_855_19,NYT_ENG_20071020.0014.LDC2009T13_855,Cindy Ross-Melissa Putnam,f,NYT_ENG_20071020.0014.LDC2009T13_855_35-NYT_ENG_20071020.0014.LDC2009T13_855_19,173414
APW_ENG_20070114.0209.LDC2009T13_467_17,APW_ENG_20070114.0209.LDC2009T13_467_3,APW_ENG_20070114.0209.LDC2009T13_467,Yolanda King-Martin Luther King III,f,APW_ENG_20070114.0209.LDC2009T13_467_17-APW_ENG_20070114.0209.LDC2009T13_467_3,189070
eng-WL-110-174612-12991898_109_31,eng-WL-110-174612-12991898_109_41,eng-WL-110-174612-12991898_109,Sean-Janet Jackson,f,eng-WL-110-174612-12991898_109_31-eng-WL-110-174612-12991898_109_41,28747
32186@40_2,32186@40_17,32186@40,Tobey Maguire-James Franco,f,32186@40_2-32186@40_17,81539
LTW_ENG_20080815.0084.LDC2009T13_337_71,LTW_ENG_20080815.0084.LDC2009T13_337_19,LTW_ENG_20080815.0084.LDC2009T13_337,Venus Williams-Venus,f,LTW_ENG_20080815.0084.LDC2009T13_337_71-LTW_ENG_20080815.0084.LDC2009T13_337_19,192695
eng-NG-31-100684-11208077_1357_23,eng-NG-31-100684-11208077_1357_19,eng-NG-31-100684-11208077_1357,Brad Pitt-Alice,f,eng-NG-31-100684-11208077_1357_23-eng-NG-31-100684-11208077_1357_19,128199
eng-WL-11-174611-12972075_67_33,eng-WL-11-174611-12972075_67_28,eng-WL-11-174611-12972075_67,Chris Hughes-Kate Clinton,f,eng-WL-11-174611-12972075_67_33-eng-WL-11-174611-12972075_67_28,36395
AFP_ENG_20080817.0128.LDC2009T13_600_17,AFP_ENG_20080817.0128.LDC2009T13_600_20,AFP_ENG_20080817.0128.LDC2009T13_600,John-Michael,f,AFP_ENG_20080817.0128.LDC2009T13_600_17-AFP_ENG_20080817.0128.LDC2009T13_600_20,218600
LTW_ENG_20080311.0090.LDC2009T13_236_74,LTW_ENG_20080311.0090.LDC2009T13_236_62,LTW_ENG_20080311.0090.LDC2009T13_236,Dan Abrams-Alan Greenspan,f,LTW_ENG_20080311.0090.LDC2009T13_236_74-LTW_ENG_20080311.0090.LDC2009T13_236_62,116148
eng-WL-11-174587-12963132_11_31,eng-WL-11-174587-12963132_11_3,eng-WL-11-174587-12963132_11,Heidi-Heidi Montag,f,eng-WL-11-174587-12963132_11_31-eng-WL-11-174587-12963132_11_3,287764
NYT_ENG_20070809.0124.LDC2009T13_735_22,NYT_ENG_20070809.0124.LDC2009T13_735_31,NYT_ENG_20070809.0124.LDC2009T13_735,J. Michael Muro-Dean Zimmerman,f,NYT_ENG_20070809.0124.LDC2009T13_735_22-NYT_ENG_20070809.0124.LDC2009T13_735_31,192510
135441@22_22,135441@22_19,135441@22,John Malkovich-Frances McDormand,f,135441@22_22-135441@22_19,1531
NYT_ENG_20070502.0106.LDC2009T13_907_2,NYT_ENG_20070502.0106.LDC2009T13_907_5,NYT_ENG_20070502.0106.LDC2009T13_907,Julie Christie-Gordon Pinsent,f,NYT_ENG_20070502.0106.LDC2009T13_907_2-NYT_ENG_20070502.0106.LDC2009T13_907_5,174105
eng-WL-110-174612-12990898_66_9,eng-WL-110-174612-12990898_66_61,eng-WL-110-174612-12990898_66,Janet Jackson-Justin Timberlake,f,eng-WL-110-174612-12990898_66_9-eng-WL-110-174612-12990898_66_61,268372
48759@14_42,48759@14_20,48759@14,Susan Ford-Rosalynn Carter,f,48759@14_42-48759@14_20,99506
eng-WL-110-174612-12992130_44_25,eng-WL-110-174612-12992130_44_65,eng-WL-110-174612-12992130_44,Mary J. Blige-Toni Braxton,f,eng-WL-110-174612-12992130_44_25-eng-WL-110-174612-12992130_44_65,209721
LTW_ENG_20070921.0005.LDC2009T13_627_19,LTW_ENG_20070921.0005.LDC2009T13_627_16,LTW_ENG_20070921.0005.LDC2009T13_627,Claire Danes-Natasha Richardson,f,LTW_ENG_20070921.0005.LDC2009T13_627_19-LTW_ENG_20070921.0005.LDC2009T13_627_16,72246
AFP_ENG_19960911.0616.LDC2007T07_217_10,AFP_ENG_19960911.0616.LDC2007T07_217_6,AFP_ENG_19960911.0616.LDC2007T07_217,Jacob-Abraham,f,AFP_ENG_19960911.0616.LDC2007T07_217_10-AFP_ENG_19960911.0616.LDC2007T07_217_6,121186
34215@40_47,34215@40_53,34215@40,Jimmy Durante-Dorothy Fields,f,34215@40_47-34215@40_53,22544
APW_ENG_20080416.1541.LDC2009T13_503_36,APW_ENG_20080416.1541.LDC2009T13_503_29,APW_ENG_20080416.1541.LDC2009T13_503,Avery Taylor-Anne Taylor Fleming,f,APW_ENG_20080416.1541.LDC2009T13_503_36-APW_ENG_20080416.1541.LDC2009T13_503_29,183503
NYT_ENG_20070318.0044.LDC2009T13_645_0,NYT_ENG_20070318.0044.LDC2009T13_645_9,NYT_ENG_20070318.0044.LDC2009T13_645,Nathaniel Benchley-Robert Benchley,f,NYT_ENG_20070318.0044.LDC2009T13_645_0-NYT_ENG_20070318.0044.LDC2009T13_645_9,212006
83443@9_14,83443@9_34,83443@9,Jane Fonda-Peter Fonda,f,83443@9_14-83443@9_34,22967
eng-NG-31-102460-10983987_18_15,eng-NG-31-102460-10983987_18_48,eng-NG-31-102460-10983987_18,Julia Roberts-Scarlett Johansson,f,eng-NG-31-102460-10983987_18_15-eng-NG-31-102460-10983987_18_48,123109
NYT_ENG_20080306.0238.LDC2009T13_237_22,NYT_ENG_20080306.0238.LDC2009T13_237_45,NYT_ENG_20080306.0238.LDC2009T13_237,Hillary Rodham Clinton-Chelsea Clinton,f,NYT_ENG_20080306.0238.LDC2009T13_237_22-NYT_ENG_20080306.0238.LDC2009T13_237_45,58185
eng-NG-31-131514-12113107_892_48,eng-NG-31-131514-12113107_892_33,eng-NG-31-131514-12113107_892,Forest Whitaker-Dennis Hopper,f,eng-NG-31-131514-12113107_892_48-eng-NG-31-131514-12113107_892_33,244660
APW_ENG_20081215.0083.LDC2009T13_277_16,APW_ENG_20081215.0083.LDC2009T13_277_20,APW_ENG_20081215.0083.LDC2009T13_277,Kathie Lee Gifford-Hoda Kotb,f,APW_ENG_20081215.0083.LDC2009T13_277_16-APW_ENG_20081215.0083.LDC2009T13_277_20,202453
82383@26_79,82383@26_53,82383@26,Michael Douglas-Val Kilmer,f,82383@26_79-82383@26_53,161103
eng-NG-31-102460-10983987_18_27,eng-NG-31-102460-10983987_18_44,eng-NG-31-102460-10983987_18,Justin Timberlake-Neil Patrick Harris,f,eng-NG-31-102460-10983987_18_27-eng-NG-31-102460-10983987_18_44,260495
145173@42_11,145173@42_20,145173@42,Mark Warner-Kay Hagan,f,145173@42_11-145173@42_20,255079
93681@30_55,93681@30_19,93681@30,Jamie-Nathan Scott,f,93681@30_55-93681@30_19,198582
82383@26_44,82383@26_50,82383@26,Randy Travis-Barry Switzer,f,82383@26_44-82383@26_50,180571
LTW_ENG_20080722.0096.LDC2009T13_5_3,LTW_ENG_20080722.0096.LDC2009T13_5_6,LTW_ENG_20080722.0096.LDC2009T13_5,Isaac-Isaac,f,LTW_ENG_20080722.0096.LDC2009T13_5_3-LTW_ENG_20080722.0096.LDC2009T13_5_6,232292
AFP_ENG_20080430.0201.LDC2009T13_11_62,AFP_ENG_20080430.0201.LDC2009T13_11_70,AFP_ENG_20080430.0201.LDC2009T13_11,Zara Phillips-Elizabeth II,f,AFP_ENG_20080430.0201.LDC2009T13_11_62-AFP_ENG_20080430.0201.LDC2009T13_11_70,266695
APW_ENG_20071030.1563.LDC2009T13_364_25,APW_ENG_20071030.1563.LDC2009T13_364_27,APW_ENG_20071030.1563.LDC2009T13_364,Isaac-Jacob,f,APW_ENG_20071030.1563.LDC2009T13_364_25-APW_ENG_20071030.1563.LDC2009T13_364_27,219515
AFP_ENG_20080710.0726.LDC2009T13_28_38,AFP_ENG_20080710.0726.LDC2009T13_28_2,AFP_ENG_20080710.0726.LDC2009T13_28,Nathan Hauritz-Ricky Ponting,f,AFP_ENG_20080710.0726.LDC2009T13_28_38-AFP_ENG_20080710.0726.LDC2009T13_28_2,124564
71209@5_16,71209@5_8,71209@5,William O. Douglas-Burton,f,71209@5_16-71209@5_8,236682
NYT_ENG_20080717.0143.LDC2009T13_1024_15,NYT_ENG_20080717.0143.LDC2009T13_1024_7,NYT_ENG_20080717.0143.LDC2009T13_1024,Bob Kane-Christopher,f,NYT_ENG_20080717.0143.LDC2009T13_1024_15-NYT_ENG_20080717.0143.LDC2009T13_1024_7,213355
APW_ENG_20080122.0917.LDC2009T13_611_18,APW_ENG_20080122.0917.LDC2009T13_611_21,APW_ENG_20080122.0917.LDC2009T13_611,Ethan Coen-Joel Coen,f,APW_ENG_20080122.0917.LDC2009T13_611_18-APW_ENG_20080122.0917.LDC2009T13_611_21,103383
NYT_ENG_20080401.0215.LDC2009T13_814_43,NYT_ENG_20080401.0215.LDC2009T13_814_28,NYT_ENG_20080401.0215.LDC2009T13_814,Sigmund Freud-Matthew Freud,f,NYT_ENG_20080401.0215.LDC2009T13_814_43-NYT_ENG_20080401.0215.LDC2009T13_814_28,212495
LTW_ENG_19960820.0031.LDC2007T07_222_47,LTW_ENG_19960820.0031.LDC2007T07_222_25,LTW_ENG_19960820.0031.LDC2007T07_222,John Standing-Shashi Kapoor,f,LTW_ENG_19960820.0031.LDC2007T07_222_47-LTW_ENG_19960820.0031.LDC2007T07_222_25,56870
eng-NG-31-141971-9990686_233_25,eng-NG-31-141971-9990686_233_37,eng-NG-31-141971-9990686_233,Kafeel Ahmed-Sabeel Ahmed,f,eng-NG-31-141971-9990686_233_25-eng-NG-31-141971-9990686_233_37,35282
APW_ENG_20071003.1358.LDC2009T13_133_34,APW_ENG_20071003.1358.LDC2009T13_133_16,APW_ENG_20071003.1358.LDC2009T13_133,Valerie Bertinelli-Scarlett Johansson,f,APW_ENG_20071003.1358.LDC2009T13_133_34-APW_ENG_20071003.1358.LDC2009T13_133_16,162687
eng-NG-31-142885-10105306_1426_4,eng-NG-31-142885-10105306_1426_9,eng-NG-31-142885-10105306_1426,Abraham-Ishmael,f,eng-NG-31-142885-10105306_1426_4-eng-NG-31-142885-10105306_1426_9,202497
NYT_ENG_20070205.0183.LDC2009T13_8_10,NYT_ENG_20070205.0183.LDC2009T13_8_21,NYT_ENG_20070205.0183.LDC2009T13_8,Brent Redstone-Redstone,f,NYT_ENG_20070205.0183.LDC2009T13_8_10-NYT_ENG_20070205.0183.LDC2009T13_8_21,130741
82383@25_70,82383@25_111,82383@25,Bette Midler-Eddie Murphy,f,82383@25_70-82383@25_111,160060
79623@20_19,79623@20_16,79623@20,Sherry Lansing-Steve Tisch,f,79623@20_19-79623@20_16,162232
56584@22_41,56584@22_11,56584@22,Sandra-Jane,f,56584@22_41-56584@22_11,101442
60823@7_8,60823@7_48,60823@7,Halsted Welles-Glenn Ford,f,60823@7_8-60823@7_48,277501
eng-NG-31-100675-11206558_385_66,eng-NG-31-100675-11206558_385_34,eng-NG-31-100675-11206558_385,Julie Halston-Bill Charlap,f,eng-NG-31-100675-11206558_385_66-eng-NG-31-100675-11206558_385_34,226193
APW_ENG_20080527.1226.LDC2009T13_294_20,APW_ENG_20080527.1226.LDC2009T13_294_51,APW_ENG_20080527.1226.LDC2009T13_294,Peter Odemwingie-Nwankwo Kanu,f,APW_ENG_20080527.1226.LDC2009T13_294_20-APW_ENG_20080527.1226.LDC2009T13_294_51,244855
NYT_ENG_20070628.0134.LDC2009T13_882_44,NYT_ENG_20070628.0134.LDC2009T13_882_9,NYT_ENG_20070628.0134.LDC2009T13_882,Mamie Gummer-Toni Collette,f,NYT_ENG_20070628.0134.LDC2009T13_882_44-NYT_ENG_20070628.0134.LDC2009T13_882_9,250744
eng-NG-31-141971-9990259_157_10,eng-NG-31-141971-9990259_157_28,eng-NG-31-141971-9990259_157,Tom Cruise-L. Ron Hubbard,f,eng-NG-31-141971-9990259_157_10-eng-NG-31-141971-9990259_157_28,52779
APW_ENG_20070524.0883.LDC2009T13_361_6,APW_ENG_20070524.0883.LDC2009T13_361_39,APW_ENG_20070524.0883.LDC2009T13_361,Matt Damon-Rosario Dawson,f,APW_ENG_20070524.0883.LDC2009T13_361_6-APW_ENG_20070524.0883.LDC2009T13_361_39,32485
eng-WL-109-174581-12950893_678_24,eng-WL-109-174581-12950893_678_21,eng-WL-109-174581-12950893_678,David Schwimmer-Willem Dafoe,f,eng-WL-109-174581-12950893_678_24-eng-WL-109-174581-12950893_678_21,14314
APW_ENG_20070405.0598.LDC2009T13_263_0,APW_ENG_20070405.0598.LDC2009T13_263_20,APW_ENG_20070405.0598.LDC2009T13_263,Michael Jackson-Michael Jackson,f,APW_ENG_20070405.0598.LDC2009T13_263_0-APW_ENG_20070405.0598.LDC2009T13_263_20,284661
AFP_ENG_20081120.0231.LDC2009T13_182_12,AFP_ENG_20081120.0231.LDC2009T13_182_6,AFP_ENG_20081120.0231.LDC2009T13_182,Sachin Tendulkar-Gautam Gambhir,f,AFP_ENG_20081120.0231.LDC2009T13_182_12-AFP_ENG_20081120.0231.LDC2009T13_182_6,13048
APW_ENG_20070516.0542.LDC2009T13_167_22,APW_ENG_20070516.0542.LDC2009T13_167_17,APW_ENG_20070516.0542.LDC2009T13_167,Dexter Scott King-Martin Luther King III,f,APW_ENG_20070516.0542.LDC2009T13_167_22-APW_ENG_20070516.0542.LDC2009T13_167_17,162812
LTW_ENG_20070301.0009.LDC2009T13_261_17,LTW_ENG_20070301.0009.LDC2009T13_261_20,LTW_ENG_20070301.0009.LDC2009T13_261,Joseph-Maria,f,LTW_ENG_20070301.0009.LDC2009T13_261_17-LTW_ENG_20070301.0009.LDC2009T13_261_20,94716
NYT_ENG_20071009.0138.LDC2009T13_1131_12,NYT_ENG_20071009.0138.LDC2009T13_1131_24,NYT_ENG_20071009.0138.LDC2009T13_1131,Deborah Curtis-Joe Anderson,f,NYT_ENG_20071009.0138.LDC2009T13_1131_12-NYT_ENG_20071009.0138.LDC2009T13_1131_24,91843
73290@20_15,73290@20_25,73290@20,Sidney Lumet-Marisa Tomei,f,73290@20_15-73290@20_25,160593
eng-WL-11-174588-12938020_3814_43,eng-WL-11-174588-12938020_3814_28,eng-WL-11-174588-12938020_3814,Jennifer Tilly-Jane Fonda,f,eng-WL-11-174588-12938020_3814_43-eng-WL-11-174588-12938020_3814_28,126837
APW_ENG_20070515.1057.LDC2009T13_133_25,APW_ENG_20070515.1057.LDC2009T13_133_56,APW_ENG_20070515.1057.LDC2009T13_133,Rupert Holmes-Laurence O'Keefe,f,APW_ENG_20070515.1057.LDC2009T13_133_25-APW_ENG_20070515.1057.LDC2009T13_133_56,246957
eng-WL-11-174595-12967910_2091_6,eng-WL-11-174595-12967910_2091_16,eng-WL-11-174595-12967910_2091,Lionel Richie-Nicole Richie,f,eng-WL-11-174595-12967910_2091_6-eng-WL-11-174595-12967910_2091_16,70570
82383@25_129,82383@25_123,82383@25,Cindy Crawford-John Cleese,f,82383@25_129-82383@25_123,140752
NYT_ENG_20070517.0161.LDC2009T13_784_64,NYT_ENG_20070517.0161.LDC2009T13_784_22,NYT_ENG_20070517.0161.LDC2009T13_784,Will Ferrell-Owen Wilson,f,NYT_ENG_20070517.0161.LDC2009T13_784_64-NYT_ENG_20070517.0161.LDC2009T13_784_22,58294
LTW_ENG_20070217.0102.LDC2009T13_147_38,LTW_ENG_20070217.0102.LDC2009T13_147_22,LTW_ENG_20070217.0102.LDC2009T13_147,Steny Hoyer-President,f,LTW_ENG_20070217.0102.LDC2009T13_147_38-LTW_ENG_20070217.0102.LDC2009T13_147_22,186919
147929@19_20,147929@19_14,147929@19,James-John,f,147929@19_20-147929@19_14,196574
eng-WL-11-174595-12967831_8_14,eng-WL-11-174595-12967831_8_37,eng-WL-11-174595-12967831_8,Matt Lauer-Kevin Federline,f,eng-WL-11-174595-12967831_8_14-eng-WL-11-174595-12967831_8_37,264053
NYT_ENG_20081014.0245.LDC2009T13_146_10,NYT_ENG_20081014.0245.LDC2009T13_146_7,NYT_ENG_20081014.0245.LDC2009T13_146,Shari Redstone-Sumner Redstone,f,NYT_ENG_20081014.0245.LDC2009T13_146_10-NYT_ENG_20081014.0245.LDC2009T13_146_7,266700
eng-WL-11-174595-12971891_665_26,eng-WL-11-174595-12971891_665_15,eng-WL-11-174595-12971891_665,CaCee Cobb-Joel Madden,f,eng-WL-11-174595-12971891_665_26-eng-WL-11-174595-12971891_665_15,11203
46984@41_23,46984@41_0,46984@41,Samberg-Andy Samberg,f,46984@41_23-46984@41_0,2741
AFP_ENG_20080828.0138.LDC2009T13_607_11,AFP_ENG_20080828.0138.LDC2009T13_607_5,AFP_ENG_20080828.0138.LDC2009T13_607,Frances McDormand-John Malkovich,f,AFP_ENG_20080828.0138.LDC2009T13_607_11-AFP_ENG_20080828.0138.LDC2009T13_607_5,246491
APW_ENG_20071110.0792.LDC2009T13_227_16,APW_ENG_20071110.0792.LDC2009T13_227_5,APW_ENG_20071110.0792.LDC2009T13_227,Katie Holmes-Victoria,f,APW_ENG_20071110.0792.LDC2009T13_227_16-APW_ENG_20071110.0792.LDC2009T13_227_5,187695
45661@24_30,45661@24_16,45661@24,Ann-Glenn Close,f,45661@24_30-45661@24_16,158801
133135@25_37,133135@25_27,133135@25,Bill Clinton-Michelle Obama,f,133135@25_37-133135@25_27,195936
72297@21_17,72297@21_26,72297@21,Stella Arroyave-Michael Clarke Duncan,f,72297@21_17-72297@21_26,80807
eng-WL-11-174643-13000463_12_0,eng-WL-11-174643-13000463_12_7,eng-WL-11-174643-13000463_12,Amy Winehouse-Winehouse,f,eng-WL-11-174643-13000463_12_0-eng-WL-11-174643-13000463_12_7,155266
eng-WL-110-174612-12992612_68_69,eng-WL-110-174612-12992612_68_15,eng-WL-110-174612-12992612_68,Dannii Minogue-Tamia,f,eng-WL-110-174612-12992612_68_69-eng-WL-110-174612-12992612_68_15,206051
NYT_ENG_20071214.0135.LDC2009T13_8_26,NYT_ENG_20071214.0135.LDC2009T13_8_11,NYT_ENG_20071214.0135.LDC2009T13_8,Maria Callas-Guillaume Apollinaire,f,NYT_ENG_20071214.0135.LDC2009T13_8_26-NYT_ENG_20071214.0135.LDC2009T13_8_11,213771
APW_ENG_20070606.1465.LDC2009T13_110_20,APW_ENG_20070606.1465.LDC2009T13_110_13,APW_ENG_20070606.1465.LDC2009T13_110,Graciela Daniele-John McColgan,f,APW_ENG_20070606.1465.LDC2009T13_110_20-APW_ENG_20070606.1465.LDC2009T13_110_13,32315
APW_ENG_20070602.0916.LDC2009T13_499_29,APW_ENG_20070602.0916.LDC2009T13_499_20,APW_ENG_20070602.0916.LDC2009T13_499,Esteban Cambiasso-Javier Mascherano,f,APW_ENG_20070602.0916.LDC2009T13_499_29-APW_ENG_20070602.0916.LDC2009T13_499_20,221392
64529@120_20,64529@120_40,64529@120,Javier Bardem-Jones,f,64529@120_20-64529@120_40,275296
NYT_ENG_20071025.0211.LDC2009T13_723_2,NYT_ENG_20071025.0211.LDC2009T13_723_25,NYT_ENG_20071025.0211.LDC2009T13_723,Alison Eastwood-Kyle Eastwood,f,NYT_ENG_20071025.0211.LDC2009T13_723_2-NYT_ENG_20071025.0211.LDC2009T13_723_25,74336
APW_ENG_20080130.0146.LDC2009T13_463_12,APW_ENG_20080130.0146.LDC2009T13_463_3,APW_ENG_20080130.0146.LDC2009T13_463,Marlon Brando-Christian Brando,f,APW_ENG_20080130.0146.LDC2009T13_463_12-APW_ENG_20080130.0146.LDC2009T13_463_3,54779
eng-WL-11-174588-12938020_3814_19,eng-WL-11-174588-12938020_3814_43,eng-WL-11-174588-12938020_3814,Lynn Redgrave-Jennifer Tilly,f,eng-WL-11-174588-12938020_3814_19-eng-WL-11-174588-12938020_3814_43,106914
NYT_ENG_20080424.0020.LDC2009T13_165_25,NYT_ENG_20080424.0020.LDC2009T13_165_33,NYT_ENG_20080424.0020.LDC2009T13_165,George Steinbrenner-Hank Steinbrenner,f,NYT_ENG_20080424.0020.LDC2009T13_165_25-NYT_ENG_20080424.0020.LDC2009T13_165_33,38004
eng-NG-31-100029-10770733_528_24,eng-NG-31-100029-10770733_528_27,eng-NG-31-100029-10770733_528,Liza Minnelli-Laurence Fishburne,f,eng-NG-31-100029-10770733_528_24-eng-NG-31-100029-10770733_528_27,192468
NYT_ENG_20080829.0025.LDC2009T13_928_31,NYT_ENG_20080829.0025.LDC2009T13_928_4,NYT_ENG_20080829.0025.LDC2009T13_928,Hillary Rodham Clinton-Willie Brown,f,NYT_ENG_20080829.0025.LDC2009T13_928_31-NYT_ENG_20080829.0025.LDC2009T13_928_4,88691
50101@21_23,50101@21_7,50101@21,Lady Bird Johnson-Johnson,f,50101@21_23-50101@21_7,159329
NYT_ENG_20070629.0029.LDC2009T13_471_13,NYT_ENG_20070629.0029.LDC2009T13_471_16,NYT_ENG_20070629.0029.LDC2009T13_471,Toni Collette-Natasha Richardson,f,NYT_ENG_20070629.0029.LDC2009T13_471_13-NYT_ENG_20070629.0029.LDC2009T13_471_16,54203
AFP_ENG_20080207.0684.LDC2009T13_10_0,AFP_ENG_20080207.0684.LDC2009T13_10_17,AFP_ENG_20080207.0684.LDC2009T13_10,Heath Ledger-Matilda,f,AFP_ENG_20080207.0684.LDC2009T13_10_0-AFP_ENG_20080207.0684.LDC2009T13_10_17,46589
eng-WL-110-174612-12993692_46_13,eng-WL-110-174612-12993692_46_10,eng-WL-110-174612-12993692_46,Mariah Carey-Janet Jackson,f,eng-WL-110-174612-12993692_46_13-eng-WL-110-174612-12993692_46_10,39110
AFP_ENG_20080401.0540.LDC2009T13_682_15,AFP_ENG_20080401.0540.LDC2009T13_682_9,AFP_ENG_20080401.0540.LDC2009T13_682,Nathan Bracken-Michael Clarke,f,AFP_ENG_20080401.0540.LDC2009T13_682_15-AFP_ENG_20080401.0540.LDC2009T13_682_9,238845
NYT_ENG_20080318.0139.LDC2009T13_1050_40,NYT_ENG_20080318.0139.LDC2009T13_1050_0,NYT_ENG_20080318.0139.LDC2009T13_1050,Minghella-Minghella,f,NYT_ENG_20080318.0139.LDC2009T13_1050_40-NYT_ENG_20080318.0139.LDC2009T13_1050_0,94788
eng-WL-11-174592-12940733_129_6,eng-WL-11-174592-12940733_129_21,eng-WL-11-174592-12940733_129,Annie Duke-Melissa Rivers,f,eng-WL-11-174592-12940733_129_6-eng-WL-11-174592-12940733_129_21,134658
eng-WL-11-174573-12957644_56_2,eng-WL-11-174573-12957644_56_12,eng-WL-11-174573-12957644_56,Kathryn Bigelow-Rob Marshall,f,eng-WL-11-174573-12957644_56_2-eng-WL-11-174573-12957644_56_12,183299
APW_ENG_20080303.0705.LDC2009T13_343_19,APW_ENG_20080303.0705.LDC2009T13_343_13,APW_ENG_20080303.0705.LDC2009T13_343,Hugo-Josephine,f,APW_ENG_20080303.0705.LDC2009T13_343_19-APW_ENG_20080303.0705.LDC2009T13_343_13,208637
APW_ENG_20070814.1080.LDC2009T13_22_14,APW_ENG_20070814.1080.LDC2009T13_22_8,APW_ENG_20070814.1080.LDC2009T13_22,Barack Obama-John Edwards,f,APW_ENG_20070814.1080.LDC2009T13_22_14-APW_ENG_20070814.1080.LDC2009T13_22_8,219714
390@17_25,390@17_17,390@17,Kennedy-Rose Fitzgerald Kennedy,f,390@17_25-390@17_17,275915
LTW_ENG_20081203.0075.LDC2009T13_535_47,LTW_ENG_20081203.0075.LDC2009T13_535_32,LTW_ENG_20081203.0075.LDC2009T13_535,Josh Lucas-Barry Levinson,f,LTW_ENG_20081203.0075.LDC2009T13_535_47-LTW_ENG_20081203.0075.LDC2009T13_535_32,107740
NYT_ENG_20070601.0046.LDC2009T13_356_38,NYT_ENG_20070601.0046.LDC2009T13_356_45,NYT_ENG_20070601.0046.LDC2009T13_356,Peter McRobbie-Leslie Lyles,f,NYT_ENG_20070601.0046.LDC2009T13_356_38-NYT_ENG_20070601.0046.LDC2009T13_356_45,33842
APW_ENG_20070227.1414.LDC2009T13_171_22,APW_ENG_20070227.1414.LDC2009T13_171_10,APW_ENG_20070227.1414.LDC2009T13_171,Dean Jones-Adam Gilchrist,f,APW_ENG_20070227.1414.LDC2009T13_171_22-APW_ENG_20070227.1414.LDC2009T13_171_10,101507
eng-NG-31-101177-10944963_814_76,eng-NG-31-101177-10944963_814_47,eng-NG-31-101177-10944963_814,Mark-William,f,eng-NG-31-101177-10944963_814_76-eng-NG-31-101177-10944963_814_47,145426
APW_ENG_20080122.0751.LDC2009T13_311_21,APW_ENG_20080122.0751.LDC2009T13_311_32,APW_ENG_20080122.0751.LDC2009T13_311,Joel Coen-Tony Gilroy,f,APW_ENG_20080122.0751.LDC2009T13_311_21-APW_ENG_20080122.0751.LDC2009T13_311_32,125970
eng-NG-31-141957-9977733_38_14,eng-NG-31-141957-9977733_38_5,eng-NG-31-141957-9977733_38,Mimi Rogers-Nicole Kidman,f,eng-NG-31-141957-9977733_38_14-eng-NG-31-141957-9977733_38_5,149745
APW_ENG_20070524.0883.LDC2009T13_361_21,APW_ENG_20070524.0883.LDC2009T13_361_15,APW_ENG_20070524.0883.LDC2009T13_361,Michelle Yeoh-Kurt Russell,f,APW_ENG_20070524.0883.LDC2009T13_361_21-APW_ENG_20070524.0883.LDC2009T13_361_15,70971
LTW_ENG_20080208.0005.LDC2009T13_263_32,LTW_ENG_20080208.0005.LDC2009T13_263_21,LTW_ENG_20080208.0005.LDC2009T13_263,Amy Ryan-Casey Affleck,f,LTW_ENG_20080208.0005.LDC2009T13_263_32-LTW_ENG_20080208.0005.LDC2009T13_263_21,155809
NYT_ENG_20081230.0082.LDC2009T13_1350_54,NYT_ENG_20081230.0082.LDC2009T13_1350_5,NYT_ENG_20081230.0082.LDC2009T13_1350,Aron Bielski-Tuvia Bielski,f,NYT_ENG_20081230.0082.LDC2009T13_1350_54-NYT_ENG_20081230.0082.LDC2009T13_1350_5,38868
LTW_ENG_20070915.0085.LDC2009T13_466_14,LTW_ENG_20070915.0085.LDC2009T13_466_11,LTW_ENG_20070915.0085.LDC2009T13_466,Ruby Dee-Avery Brooks,f,LTW_ENG_20070915.0085.LDC2009T13_466_14-LTW_ENG_20070915.0085.LDC2009T13_466_11,53292
eng-WL-11-174611-12980078_23_36,eng-WL-11-174611-12980078_23_4,eng-WL-11-174611-12980078_23,McCain-McCain,f,eng-WL-11-174611-12980078_23_36-eng-WL-11-174611-12980078_23_4,213409
NYT_ENG_20080717.0143.LDC2009T13_1024_43,NYT_ENG_20080717.0143.LDC2009T13_1024_7,NYT_ENG_20080717.0143.LDC2009T13_1024,Morgan Freeman-Christopher,f,NYT_ENG_20080717.0143.LDC2009T13_1024_43-NYT_ENG_20080717.0143.LDC2009T13_1024_7,252368
LTW_ENG_20070825.0108.LDC2009T13_76_38,LTW_ENG_20070825.0108.LDC2009T13_76_20,LTW_ENG_20070825.0108.LDC2009T13_76,Arsenio Hall-Diahann Carroll,f,LTW_ENG_20070825.0108.LDC2009T13_76_38-LTW_ENG_20070825.0108.LDC2009T13_76_20,228224
NYT_ENG_20081007.0063.LDC2009T13_305_57,NYT_ENG_20081007.0063.LDC2009T13_305_67,NYT_ENG_20081007.0063.LDC2009T13_305,William H. Macy-Ted McGinley,f,NYT_ENG_20081007.0063.LDC2009T13_305_57-NYT_ENG_20081007.0063.LDC2009T13_305_67,251731
AFP_ENG_20080211.0181.LDC2009T13_408_35,AFP_ENG_20080211.0181.LDC2009T13_408_28,AFP_ENG_20080211.0181.LDC2009T13_408,Jesus Christ-Mary,f,AFP_ENG_20080211.0181.LDC2009T13_408_35-AFP_ENG_20080211.0181.LDC2009T13_408_28,160133
NYT_ENG_20081022.0120.LDC2009T13_746_36,NYT_ENG_20081022.0120.LDC2009T13_746_33,NYT_ENG_20081022.0120.LDC2009T13_746,Murdoch-Elisabeth Murdoch,f,NYT_ENG_20081022.0120.LDC2009T13_746_36-NYT_ENG_20081022.0120.LDC2009T13_746_33,147823
APW_ENG_20070926.1253.LDC2009T13_56_17,APW_ENG_20070926.1253.LDC2009T13_56_22,APW_ENG_20070926.1253.LDC2009T13_56,Andre Agassi-Rupert Murdoch,f,APW_ENG_20070926.1253.LDC2009T13_56_17-APW_ENG_20070926.1253.LDC2009T13_56_22,262667
eng-WL-110-174612-12993150_42_41,eng-WL-110-174612-12993150_42_31,eng-WL-110-174612-12993150_42,Claudette Ortiz-Mary J. Blige,f,eng-WL-110-174612-12993150_42_41-eng-WL-110-174612-12993150_42_31,131715
AFP_ENG_20081120.0231.LDC2009T13_182_45,AFP_ENG_20081120.0231.LDC2009T13_182_24,AFP_ENG_20081120.0231.LDC2009T13_182,Irfan Pathan-Yusuf Pathan,f,AFP_ENG_20081120.0231.LDC2009T13_182_45-AFP_ENG_20081120.0231.LDC2009T13_182_24,169483
eng-WL-110-174612-12992520_129_71,eng-WL-110-174612-12992520_129_85,eng-WL-110-174612-12992520_129,Keyshia Cole-Claudette Ortiz,f,eng-WL-110-174612-12992520_129_71-eng-WL-110-174612-12992520_129_85,190911
NYT_ENG_20071020.0014.LDC2009T13_855_35,NYT_ENG_20071020.0014.LDC2009T13_855_43,NYT_ENG_20071020.0014.LDC2009T13_855,Cindy Ross-Carol,f,NYT_ENG_20071020.0014.LDC2009T13_855_35-NYT_ENG_20071020.0014.LDC2009T13_855_43,173406
3845@10_1,3845@10_15,3845@10,Arnold Schwarzenegger-Kobe Bryant,f,3845@10_1-3845@10_15,41160
97835@3_26,97835@3_22,97835@3,Rachel Bilson-Samuel L. Jackson,f,97835@3_26-97835@3_22,161992
AFP_ENG_20070427.0098.LDC2009T13_155_29,AFP_ENG_20070427.0098.LDC2009T13_155_14,AFP_ENG_20070427.0098.LDC2009T13_155,Jennifer Lopez-Leonardo DiCaprio,f,AFP_ENG_20070427.0098.LDC2009T13_155_29-AFP_ENG_20070427.0098.LDC2009T13_155_14,62413
NYT_ENG_20070816.0130.LDC2009T13_885_29,NYT_ENG_20070816.0130.LDC2009T13_885_70,NYT_ENG_20070816.0130.LDC2009T13_885,Martha-Peter Egan,f,NYT_ENG_20070816.0130.LDC2009T13_885_29-NYT_ENG_20070816.0130.LDC2009T13_885_70,15532
eng-WL-110-174612-12993960_81_50,eng-WL-110-174612-12993960_81_34,eng-WL-110-174612-12993960_81,Vivian Green-Justin Timberlake,f,eng-WL-110-174612-12993960_81_50-eng-WL-110-174612-12993960_81_34,128357
NYT_ENG_20080825.0173.LDC2009T13_421_32,NYT_ENG_20080825.0173.LDC2009T13_421_28,NYT_ENG_20080825.0173.LDC2009T13_421,Ted Kennedy-John F. Kennedy,f,NYT_ENG_20080825.0173.LDC2009T13_421_32-NYT_ENG_20080825.0173.LDC2009T13_421_28,17241
LTW_ENG_20071020.0062.LDC2009T13_714_15,LTW_ENG_20071020.0062.LDC2009T13_714_19,LTW_ENG_20071020.0062.LDC2009T13_714,Giovanni Ribisi-Marissa Ribisi,f,LTW_ENG_20071020.0062.LDC2009T13_714_15-LTW_ENG_20071020.0062.LDC2009T13_714_19,50629
eng-NG-31-142885-10105884_145_10,eng-NG-31-142885-10105884_145_17,eng-NG-31-142885-10105884_145,Abraham-Ishmael,f,eng-NG-31-142885-10105884_145_10-eng-NG-31-142885-10105884_145_17,87287
59970@31_0,59970@31_3,59970@31,Paul Newman-Michael Douglas,f,59970@31_0-59970@31_3,99812
NYT_ENG_20070517.0101.LDC2009T13_1080_32,NYT_ENG_20070517.0101.LDC2009T13_1080_82,NYT_ENG_20070517.0101.LDC2009T13_1080,Julie Andrews-Larry King,f,NYT_ENG_20070517.0101.LDC2009T13_1080_32-NYT_ENG_20070517.0101.LDC2009T13_1080_82,151008
36251@0_29,36251@0_39,36251@0,Tony Blair-Bono,f,36251@0_29-36251@0_39,2541
94591@17_1,94591@17_9,94591@17,Clinton-Bill Clinton,f,94591@17_1-94591@17_9,102819
APW_ENG_20080213.0279.LDC2009T13_1220_45,APW_ENG_20080213.0279.LDC2009T13_1220_84,APW_ENG_20080213.0279.LDC2009T13_1220,Alby Mathewson-Piri Weepu,f,APW_ENG_20080213.0279.LDC2009T13_1220_45-APW_ENG_20080213.0279.LDC2009T13_1220_84,266093
APW_ENG_20070520.0218.LDC2009T13_352_1,APW_ENG_20070520.0218.LDC2009T13_352_8,APW_ENG_20070520.0218.LDC2009T13_352,Ronald Hearns-Thomas Hearns,f,APW_ENG_20070520.0218.LDC2009T13_352_1-APW_ENG_20070520.0218.LDC2009T13_352_8,128416
89851@47_19,89851@47_16,89851@47,Jesse Jackson-Al Gore,f,89851@47_19-89851@47_16,179135
NYT_ENG_20081016.0035.LDC2009T13_94_7,NYT_ENG_20081016.0035.LDC2009T13_94_14,NYT_ENG_20081016.0035.LDC2009T13_94,John F. Kennedy-Robert F. Kennedy,f,NYT_ENG_20081016.0035.LDC2009T13_94_7-NYT_ENG_20081016.0035.LDC2009T13_94_14,206782
LTW_ENG_20080703.0123.LDC2009T13_648_18,LTW_ENG_20080703.0123.LDC2009T13_648_15,LTW_ENG_20080703.0123.LDC2009T13_648,Laurence Olivier-Clark Gable,f,LTW_ENG_20080703.0123.LDC2009T13_648_18-LTW_ENG_20080703.0123.LDC2009T13_648_15,58123
NYT_ENG_20080111.0206.LDC2009T13_448_6,NYT_ENG_20080111.0206.LDC2009T13_448_39,NYT_ENG_20080111.0206.LDC2009T13_448,Helen Mirren-Britney Spears,f,NYT_ENG_20080111.0206.LDC2009T13_448_6-NYT_ENG_20080111.0206.LDC2009T13_448_39,70891
APW_ENG_20080815.0339.LDC2009T13_244_29,APW_ENG_20080815.0339.LDC2009T13_244_2,APW_ENG_20080815.0339.LDC2009T13_244,Mitchell Johnson-Michael Clarke,f,APW_ENG_20080815.0339.LDC2009T13_244_29-APW_ENG_20080815.0339.LDC2009T13_244_2,87586
83976@0_11,83976@0_5,83976@0,Guillaume Apollinaire-Jim Morrison,f,83976@0_11-83976@0_5,124199
82383@25_102,82383@25_79,82383@25,Ben Stiller-Merle Haggard,f,82383@25_102-82383@25_79,4403
LTW_ENG_20080822.0103.LDC2009T13_120_33,LTW_ENG_20080822.0103.LDC2009T13_120_20,LTW_ENG_20080822.0103.LDC2009T13_120,Barack Obama-David Axelrod,f,LTW_ENG_20080822.0103.LDC2009T13_120_33-LTW_ENG_20080822.0103.LDC2009T13_120_20,247838
APW_ENG_20070201.0578.LDC2009T13_904_16,APW_ENG_20070201.0578.LDC2009T13_904_9,APW_ENG_20070201.0578.LDC2009T13_904,Adelaide Tambo-Nelson Mandela,f,APW_ENG_20070201.0578.LDC2009T13_904_16-APW_ENG_20070201.0578.LDC2009T13_904_9,204670
73573@28_14,73573@28_11,73573@28,Jessica Simpson-Britney Spears,f,73573@28_14-73573@28_11,256860
eng-WL-110-174612-12993960_81_62,eng-WL-110-174612-12993960_81_50,eng-WL-110-174612-12993960_81,Alicia Keys-Vivian Green,f,eng-WL-110-174612-12993960_81_62-eng-WL-110-174612-12993960_81_50,284666
eng-NG-31-142679-10067733_582_36,eng-NG-31-142679-10067733_582_33,eng-NG-31-142679-10067733_582,Kathleen Kennedy Townsend-Kennedy,f,eng-NG-31-142679-10067733_582_36-eng-NG-31-142679-10067733_582_33,46138
119865@3_33,119865@3_17,119865@3,Mike Nichols-Warren Beatty,f,119865@3_33-119865@3_17,195849
APW_ENG_20080225.0743.LDC2009T13_88_2,APW_ENG_20080225.0743.LDC2009T13_88_5,APW_ENG_20080225.0743.LDC2009T13_88,Joel Coen-Ethan Coen,f,APW_ENG_20080225.0743.LDC2009T13_88_2-APW_ENG_20080225.0743.LDC2009T13_88_5,239758
eng-WL-110-174612-12993150_42_83,eng-WL-110-174612-12993150_42_35,eng-WL-110-174612-12993150_42,Jennifer Lopez-Enrique Iglesias,f,eng-WL-110-174612-12993150_42_83-eng-WL-110-174612-12993150_42_35,131864
APW_ENG_20080202.0818.LDC2009T13_367_22,APW_ENG_20080202.0818.LDC2009T13_367_50,APW_ENG_20080202.0818.LDC2009T13_367,Rob Schneider-Ian Ziering,f,APW_ENG_20080202.0818.LDC2009T13_367_22-APW_ENG_20080202.0818.LDC2009T13_367_50,10919
LTW_ENG_20080723.0128.LDC2009T13_1171_17,LTW_ENG_20080723.0128.LDC2009T13_1171_35,LTW_ENG_20080723.0128.LDC2009T13_1171,Ahmed Abu Risha-Abdul Sattar Abu Risha,f,LTW_ENG_20080723.0128.LDC2009T13_1171_17-LTW_ENG_20080723.0128.LDC2009T13_1171_35,267497
AFP_ENG_20080707.0059.LDC2009T13_57_3,AFP_ENG_20080707.0059.LDC2009T13_57_14,AFP_ENG_20080707.0059.LDC2009T13_57,Mark Thatcher-Margaret Thatcher,f,AFP_ENG_20080707.0059.LDC2009T13_57_3-AFP_ENG_20080707.0059.LDC2009T13_57_14,48369
NYT_ENG_20070101.0077.LDC2009T13_503_30,NYT_ENG_20070101.0077.LDC2009T13_503_45,NYT_ENG_20070101.0077.LDC2009T13_503,Jennifer Lopez-Julia Louis-Dreyfus,f,NYT_ENG_20070101.0077.LDC2009T13_503_30-NYT_ENG_20070101.0077.LDC2009T13_503_45,227142
59970@28_47,59970@28_44,59970@28,Will Smith-Chris Rock,f,59970@28_47-59970@28_44,138342
103891@38_45,103891@38_23,103891@38,Seth Rogen-Will Arnett,f,103891@38_45-103891@38_23,116629
eng-WL-11-174592-12940751_19_32,eng-WL-11-174592-12940751_19_41,eng-WL-11-174592-12940751_19,Balthazar Getty-Sienna Miller,f,eng-WL-11-174592-12940751_19_32-eng-WL-11-174592-12940751_19_41,148454
NYT_ENG_20070419.0104.LDC2009T13_178_69,NYT_ENG_20070419.0104.LDC2009T13_178_72,NYT_ENG_20070419.0104.LDC2009T13_178,Christopher Collier-James Lincoln Collier,f,NYT_ENG_20070419.0104.LDC2009T13_178_69-NYT_ENG_20070419.0104.LDC2009T13_178_72,269931
108855@22_33,108855@22_18,108855@22,Bill Clinton-Clinton,f,108855@22_33-108855@22_18,233854
LTW_ENG_20081203.0075.LDC2009T13_535_47,LTW_ENG_20081203.0075.LDC2009T13_535_29,LTW_ENG_20081203.0075.LDC2009T13_535,Josh Lucas-Alfre Woodard,f,LTW_ENG_20081203.0075.LDC2009T13_535_47-LTW_ENG_20081203.0075.LDC2009T13_535_29,107782
eng-WL-11-174588-12938005_1103_21,eng-WL-11-174588-12938005_1103_29,eng-WL-11-174588-12938005_1103,Jon Hamm-Woody Harrelson,f,eng-WL-11-174588-12938005_1103_21-eng-WL-11-174588-12938005_1103_29,242791
APW_ENG_19990228.0025.LDC2007T07_243_23,APW_ENG_19990228.0025.LDC2007T07_243_14,APW_ENG_19990228.0025.LDC2007T07_243,Sukarno-Megawati Sukarnoputri,f,APW_ENG_19990228.0025.LDC2007T07_243_23-APW_ENG_19990228.0025.LDC2007T07_243_14,284712
LTW_ENG_20070419.0101.LDC2009T13_67_37,LTW_ENG_20070419.0101.LDC2009T13_67_0,LTW_ENG_20070419.0101.LDC2009T13_67,Christopher Hart-Hart,f,LTW_ENG_20070419.0101.LDC2009T13_67_37-LTW_ENG_20070419.0101.LDC2009T13_67_0,76722
eng-NG-31-142146-10008688_540_72,eng-NG-31-142146-10008688_540_49,eng-NG-31-142146-10008688_540,Rajiv Gandhi-Priyanka Vadra,f,eng-NG-31-142146-10008688_540_72-eng-NG-31-142146-10008688_540_49,8473
73800@2_24,73800@2_12,73800@2,Bush-Bush,f,73800@2_24-73800@2_12,45798
NYT_ENG_20081211.0210.LDC2009T13_36_22,NYT_ENG_20081211.0210.LDC2009T13_36_6,NYT_ENG_20081211.0210.LDC2009T13_36,Linda-Linda Bollea,f,NYT_ENG_20081211.0210.LDC2009T13_36_22-NYT_ENG_20081211.0210.LDC2009T13_36_6,225735
76928@7_1,76928@7_24,76928@7,Edwards-John Edwards,f,76928@7_1-76928@7_24,124019
NYT_ENG_20071208.0112.LDC2009T13_13_17,NYT_ENG_20071208.0112.LDC2009T13_13_1,NYT_ENG_20071208.0112.LDC2009T13_13,Hillary Rodham Clinton-Oprah Winfrey,f,NYT_ENG_20071208.0112.LDC2009T13_13_17-NYT_ENG_20071208.0112.LDC2009T13_13_1,135969
eng-WL-110-174612-12992943_70_10,eng-WL-110-174612-12992943_70_62,eng-WL-110-174612-12992943_70,Mariah Carey-Rihanna,f,eng-WL-110-174612-12992943_70_10-eng-WL-110-174612-12992943_70_62,5695
NYT_ENG_20080410.0097.LDC2009T13_657_58,NYT_ENG_20080410.0097.LDC2009T13_657_44,NYT_ENG_20080410.0097.LDC2009T13_657,Mark Williams-Sophie Thompson,f,NYT_ENG_20080410.0097.LDC2009T13_657_58-NYT_ENG_20080410.0097.LDC2009T13_657_44,193400
eng-NG-31-135623-9765807_299_8,eng-NG-31-135623-9765807_299_10,eng-NG-31-135623-9765807_299,Abraham-Isaac,f,eng-NG-31-135623-9765807_299_8-eng-NG-31-135623-9765807_299_10,83667
LTW_ENG_20081113.0042.LDC2009T13_1411_7,LTW_ENG_20081113.0042.LDC2009T13_1411_10,LTW_ENG_20081113.0042.LDC2009T13_1411,Freida Pinto-Anil Kapoor,f,LTW_ENG_20081113.0042.LDC2009T13_1411_7-LTW_ENG_20081113.0042.LDC2009T13_1411_10,111513
116204@15_16,116204@15_35,116204@15,Dave Matthews-Deval Patrick,f,116204@15_16-116204@15_35,39474
LTW_ENG_20081203.0075.LDC2009T13_535_78,LTW_ENG_20081203.0075.LDC2009T13_535_32,LTW_ENG_20081203.0075.LDC2009T13_535,Tamara Tunie-Barry Levinson,f,LTW_ENG_20081203.0075.LDC2009T13_535_78-LTW_ENG_20081203.0075.LDC2009T13_535_32,30987
NYT_ENG_20070323.0188.LDC2009T13_225_44,NYT_ENG_20070323.0188.LDC2009T13_225_49,NYT_ENG_20070323.0188.LDC2009T13_225,Keith Wilson-Wes Craven,f,NYT_ENG_20070323.0188.LDC2009T13_225_44-NYT_ENG_20070323.0188.LDC2009T13_225_49,17770
AFP_ENG_20080421.0256.LDC2009T13_39_9,AFP_ENG_20080421.0256.LDC2009T13_39_16,AFP_ENG_20080421.0256.LDC2009T13_39,Amitabh Bachchan-Abhishek Bachchan,f,AFP_ENG_20080421.0256.LDC2009T13_39_9-AFP_ENG_20080421.0256.LDC2009T13_39_16,120731
73290@54_27,73290@54_21,73290@54,Stephen Sondheim-Tim Burton,f,73290@54_27-73290@54_21,5307
35870@47_21,35870@47_14,35870@47,Bush-Bush,f,35870@47_21-35870@47_14,256790
NYT_ENG_20070222.0164.LDC2009T13_996_33,NYT_ENG_20070222.0164.LDC2009T13_996_47,NYT_ENG_20070222.0164.LDC2009T13_996,Terrence Malick-Samuel Goldwyn,f,NYT_ENG_20070222.0164.LDC2009T13_996_33-NYT_ENG_20070222.0164.LDC2009T13_996_47,225426
NYT_ENG_20070610.0113.LDC2009T13_1043_2,NYT_ENG_20070610.0113.LDC2009T13_1043_23,NYT_ENG_20070610.0113.LDC2009T13_1043,Mark V. Olsen-David Knoller,f,NYT_ENG_20070610.0113.LDC2009T13_1043_2-NYT_ENG_20070610.0113.LDC2009T13_1043_23,289621
LTW_ENG_20081003.0063.LDC2009T13_343_6,LTW_ENG_20081003.0063.LDC2009T13_343_12,LTW_ENG_20081003.0063.LDC2009T13_343,Jenny Lumet-Sidney Lumet,f,LTW_ENG_20081003.0063.LDC2009T13_343_6-LTW_ENG_20081003.0063.LDC2009T13_343_12,283980
NYT_ENG_20080501.0158.LDC2009T13_1512_11,NYT_ENG_20080501.0158.LDC2009T13_1512_36,NYT_ENG_20080501.0158.LDC2009T13_1512,Ben Daniels-Mamie Gummer,f,NYT_ENG_20080501.0158.LDC2009T13_1512_11-NYT_ENG_20080501.0158.LDC2009T13_1512_36,19074
NYT_ENG_20070224.0119.LDC2009T13_698_9,NYT_ENG_20070224.0119.LDC2009T13_698_15,NYT_ENG_20070224.0119.LDC2009T13_698,George Burns-Jack Benny,f,NYT_ENG_20070224.0119.LDC2009T13_698_9-NYT_ENG_20070224.0119.LDC2009T13_698_15,109713
68479@2_54,68479@2_40,68479@2,William Wordsworth-David Bowie,f,68479@2_54-68479@2_40,257226
eng-NG-31-104877-11906915_149_5,eng-NG-31-104877-11906915_149_17,eng-NG-31-104877-11906915_149,Mathieu Amalric-Melvil Poupaud,f,eng-NG-31-104877-11906915_149_5-eng-NG-31-104877-11906915_149_17,267560
APW_ENG_20070208.1169.LDC2009T13_290_12,APW_ENG_20070208.1169.LDC2009T13_290_15,APW_ENG_20070208.1169.LDC2009T13_290,Bob Bryan-Mike Bryan,f,APW_ENG_20070208.1169.LDC2009T13_290_12-APW_ENG_20070208.1169.LDC2009T13_290_15,125274
112624@37_23,112624@37_20,112624@37,Ving Rhames-Stanley Tucci,f,112624@37_23-112624@37_20,58879
32766@3_14,32766@3_11,32766@3,Reese Witherspoon-Jennifer Aniston,f,32766@3_14-32766@3_11,117755
eng-NG-31-102747-11002994_213_5,eng-NG-31-102747-11002994_213_34,eng-NG-31-102747-11002994_213,Abel-Abel,f,eng-NG-31-102747-11002994_213_5-eng-NG-31-102747-11002994_213_34,262329
NYT_ENG_20070516.0109.LDC2009T13_577_4,NYT_ENG_20070516.0109.LDC2009T13_577_13,NYT_ENG_20070516.0109.LDC2009T13_577,Mike Myers-Antonio Banderas,f,NYT_ENG_20070516.0109.LDC2009T13_577_4-NYT_ENG_20070516.0109.LDC2009T13_577_13,57756
eng-WL-110-174612-12990964_38_16,eng-WL-110-174612-12990964_38_60,eng-WL-110-174612-12990964_38,Christopher-Mary J. Blige,f,eng-WL-110-174612-12990964_38_16-eng-WL-110-174612-12990964_38_60,166383
eng-WL-11-174595-12972570_40_60,eng-WL-11-174595-12972570_40_10,eng-WL-11-174595-12972570_40,Tom Cruise-Eric McCormack,f,eng-WL-11-174595-12972570_40_60-eng-WL-11-174595-12972570_40_10,151303
APW_ENG_20080502.0164.LDC2009T13_584_1,APW_ENG_20080502.0164.LDC2009T13_584_24,APW_ENG_20080502.0164.LDC2009T13_584,Johnson-Eugene McCarthy,f,APW_ENG_20080502.0164.LDC2009T13_584_1-APW_ENG_20080502.0164.LDC2009T13_584_24,150348
eng-WL-110-174612-12991608_37_68,eng-WL-110-174612-12991608_37_48,eng-WL-110-174612-12991608_37,Mark Taylor-Kara DioGuardi,f,eng-WL-110-174612-12991608_37_68-eng-WL-110-174612-12991608_37_48,12648
eng-WL-11-174595-12968321_478_28,eng-WL-11-174595-12968321_478_15,eng-WL-11-174595-12968321_478,Katie Holmes-David,f,eng-WL-11-174595-12968321_478_28-eng-WL-11-174595-12968321_478_15,243374
NYT_ENG_20080905.0142.LDC2009T13_218_35,NYT_ENG_20080905.0142.LDC2009T13_218_17,NYT_ENG_20080905.0142.LDC2009T13_218,Jack Kerouac-Jean Stafford,f,NYT_ENG_20080905.0142.LDC2009T13_218_35-NYT_ENG_20080905.0142.LDC2009T13_218_17,189128
APW_ENG_20081224.0787.LDC2009T13_420_26,APW_ENG_20081224.0787.LDC2009T13_420_46,APW_ENG_20081224.0787.LDC2009T13_420,Mario Cuomo-Jerrold Nadler,f,APW_ENG_20081224.0787.LDC2009T13_420_26-APW_ENG_20081224.0787.LDC2009T13_420_46,243434
APW_ENG_20080911.0269.LDC2009T13_432_30,APW_ENG_20080911.0269.LDC2009T13_432_18,APW_ENG_20080911.0269.LDC2009T13_432,Michael Jackson-Elvis Presley,f,APW_ENG_20080911.0269.LDC2009T13_432_30-APW_ENG_20080911.0269.LDC2009T13_432_18,53573
APW_ENG_20070822.1099.LDC2009T13_517_47,APW_ENG_20070822.1099.LDC2009T13_517_29,APW_ENG_20070822.1099.LDC2009T13_517,Fernando Gago-Lionel Messi,f,APW_ENG_20070822.1099.LDC2009T13_517_47-APW_ENG_20070822.1099.LDC2009T13_517_29,222677
13460@37_12,13460@37_10,13460@37,Janet-Bill,f,13460@37_12-13460@37_10,59673
LTW_ENG_20071116.0117.LDC2009T13_230_16,LTW_ENG_20071116.0117.LDC2009T13_230_7,LTW_ENG_20071116.0117.LDC2009T13_230,Gray Davis-Ted Danson,f,LTW_ENG_20071116.0117.LDC2009T13_230_16-LTW_ENG_20071116.0117.LDC2009T13_230_7,193366
LTW_ENG_20080815.0052.LDC2009T13_342_23,LTW_ENG_20080815.0052.LDC2009T13_342_14,LTW_ENG_20080815.0052.LDC2009T13_342,Serena-Roger Federer,f,LTW_ENG_20080815.0052.LDC2009T13_342_23-LTW_ENG_20080815.0052.LDC2009T13_342_14,68763
70775@38_9,70775@38_44,70775@38,Michelle Monaghan-Amy Madigan,f,70775@38_9-70775@38_44,277173
NYT_ENG_20080717.0121.LDC2009T13_1599_7,NYT_ENG_20080717.0121.LDC2009T13_1599_59,NYT_ENG_20080717.0121.LDC2009T13_1599,Jonathan Nolan-James Newton Howard,f,NYT_ENG_20080717.0121.LDC2009T13_1599_7-NYT_ENG_20080717.0121.LDC2009T13_1599_59,231286
eng-NG-31-126896-12059707_313_4,eng-NG-31-126896-12059707_313_34,eng-NG-31-126896-12059707_313,Moses-Isaac,f,eng-NG-31-126896-12059707_313_4-eng-NG-31-126896-12059707_313_34,201341
eng-NG-31-143146-10147088_1922_17,eng-NG-31-143146-10147088_1922_8,eng-NG-31-143146-10147088_1922,Noah-Abraham,f,eng-NG-31-143146-10147088_1922_17-eng-NG-31-143146-10147088_1922_8,226109
45172@25_37,45172@25_25,45172@25,Eileen Atkins-Mamie Gummer,f,45172@25_37-45172@25_25,23430
119865@3_33,119865@3_30,119865@3,Mike Nichols-Barry Levinson,f,119865@3_33-119865@3_30,195848
APW_ENG_20080130.0691.LDC2009T13_221_4,APW_ENG_20080130.0691.LDC2009T13_221_34,APW_ENG_20080130.0691.LDC2009T13_221,Eric Bana-Rihanna,f,APW_ENG_20080130.0691.LDC2009T13_221_4-APW_ENG_20080130.0691.LDC2009T13_221_34,161713
APW_ENG_20080130.0691.LDC2009T13_221_4,APW_ENG_20080130.0691.LDC2009T13_221_27,APW_ENG_20080130.0691.LDC2009T13_221,Eric Bana-Tony Romo,f,APW_ENG_20080130.0691.LDC2009T13_221_4-APW_ENG_20080130.0691.LDC2009T13_221_27,161714
eng-WL-11-174594-12963804_9_8,eng-WL-11-174594-12963804_9_22,eng-WL-11-174594-12963804_9,Britney Spears-Britney,f,eng-WL-11-174594-12963804_9_8-eng-WL-11-174594-12963804_9_22,246680
56584@22_73,56584@22_5,56584@22,Victor-Daniel,f,56584@22_73-56584@22_5,82469
80692@7_21,80692@7_39,80692@7,Maria Shriver-Larry Hagman,f,80692@7_21-80692@7_39,4992
133173@0_8,133173@0_4,133173@0,Sarah Palin-John McCain,f,133173@0_8-133173@0_4,195677
NYT_ENG_20080318.0139.LDC2009T13_1050_0,NYT_ENG_20080318.0139.LDC2009T13_1050_40,NYT_ENG_20080318.0139.LDC2009T13_1050,Minghella-Minghella,f,NYT_ENG_20080318.0139.LDC2009T13_1050_0-NYT_ENG_20080318.0139.LDC2009T13_1050_40,37170
NYT_ENG_20070815.0038.LDC2009T13_143_69,NYT_ENG_20070815.0038.LDC2009T13_143_48,NYT_ENG_20070815.0038.LDC2009T13_143,Duke Ellington-Jack Benny,f,NYT_ENG_20070815.0038.LDC2009T13_143_69-NYT_ENG_20070815.0038.LDC2009T13_143_48,37328
eng-WL-11-174595-12967869_436_0,eng-WL-11-174595-12967869_436_46,eng-WL-11-174595-12967869_436,Nick Lachey-Nick,f,eng-WL-11-174595-12967869_436_0-eng-WL-11-174595-12967869_436_46,54827
LTW_ENG_20070306.0041.LDC2009T13_88_34,LTW_ENG_20070306.0041.LDC2009T13_88_23,LTW_ENG_20070306.0041.LDC2009T13_88,Andrew-Judith Nathan,f,LTW_ENG_20070306.0041.LDC2009T13_88_34-LTW_ENG_20070306.0041.LDC2009T13_88_23,15648
NYT_ENG_20071116.0149.LDC2009T13_459_9,NYT_ENG_20071116.0149.LDC2009T13_459_26,NYT_ENG_20071116.0149.LDC2009T13_459,Uta Hagen-Hal Holbrook,f,NYT_ENG_20071116.0149.LDC2009T13_459_9-NYT_ENG_20071116.0149.LDC2009T13_459_26,95390
14698@41_16,14698@41_19,14698@41,Jim Carrey-Virginia Madsen,f,14698@41_16-14698@41_19,157403
NYT_ENG_20070723.0124.LDC2009T13_297_10,NYT_ENG_20070723.0124.LDC2009T13_297_7,NYT_ENG_20070723.0124.LDC2009T13_297,Tammy Faye-Randy Barbato,f,NYT_ENG_20070723.0124.LDC2009T13_297_10-NYT_ENG_20070723.0124.LDC2009T13_297_7,57491
eng-WL-109-174581-12950893_678_33,eng-WL-109-174581-12950893_678_30,eng-WL-109-174581-12950893_678,Terry George-Helena Christensen,f,eng-WL-109-174581-12950893_678_33-eng-WL-109-174581-12950893_678_30,53760
34215@40_83,34215@40_26,34215@40,Jerome Kern-Eubie Blake,f,34215@40_83-34215@40_26,276057
77920@19_42,77920@19_9,77920@19,Anne Meara-Uta Hagen,f,77920@19_42-77920@19_9,256726
eng-WL-11-174595-12967902_313_15,eng-WL-11-174595-12967902_313_5,eng-WL-11-174595-12967902_313,Jack LaLanne-Jon LaLanne,f,eng-WL-11-174595-12967902_313_15-eng-WL-11-174595-12967902_313_5,205794
eng-WL-11-174585-12938433_178_12,eng-WL-11-174585-12938433_178_18,eng-WL-11-174585-12938433_178,Leslie Mann-Eric Bana,f,eng-WL-11-174585-12938433_178_12-eng-WL-11-174585-12938433_178_18,71002
36708@1_25,36708@1_22,36708@1,John Quincy Adams-John Adams,f,36708@1_25-36708@1_22,197291
APW_ENG_20070128.0205.LDC2009T13_295_5,APW_ENG_20070128.0205.LDC2009T13_295_31,APW_ENG_20070128.0205.LDC2009T13_295,Ed Rendell-Walter Annenberg,f,APW_ENG_20070128.0205.LDC2009T13_295_5-APW_ENG_20070128.0205.LDC2009T13_295_31,5540
AFP_ENG_20071213.0508.LDC2009T13_8_62,AFP_ENG_20071213.0508.LDC2009T13_8_34,AFP_ENG_20071213.0508.LDC2009T13_8,Winnie Madikizela-Mandela-Thabo Mbeki,f,AFP_ENG_20071213.0508.LDC2009T13_8_62-AFP_ENG_20071213.0508.LDC2009T13_8_34,29764
eng-WL-11-174592-12941206_152_43,eng-WL-11-174592-12941206_152_9,eng-WL-11-174592-12941206_152,Eric Dane-Ellen Pompeo,f,eng-WL-11-174592-12941206_152_43-eng-WL-11-174592-12941206_152_9,65575
135441@22_28,135441@22_19,135441@22,Tilda Swinton-Frances McDormand,f,135441@22_28-135441@22_19,196463
NYT_ENG_20071125.0175.LDC2009T13_202_37,NYT_ENG_20071125.0175.LDC2009T13_202_26,NYT_ENG_20071125.0175.LDC2009T13_202,Peter Martins-George Balanchine,f,NYT_ENG_20071125.0175.LDC2009T13_202_37-NYT_ENG_20071125.0175.LDC2009T13_202_26,74323
LTW_ENG_20070225.0046.LDC2009T13_107_68,LTW_ENG_20070225.0046.LDC2009T13_107_32,LTW_ENG_20070225.0046.LDC2009T13_107,Kerry Washington-Shawn Wayans,f,LTW_ENG_20070225.0046.LDC2009T13_107_68-LTW_ENG_20070225.0046.LDC2009T13_107_32,16347
64529@80_19,64529@80_60,64529@80,Brad Pitt-Robert Ford,f,64529@80_19-64529@80_60,80489
APW_ENG_20070207.1878.LDC2009T13_493_20,APW_ENG_20070207.1878.LDC2009T13_493_41,APW_ENG_20070207.1878.LDC2009T13_493,Fernando Gago-Diego Milito,f,APW_ENG_20070207.1878.LDC2009T13_493_20-APW_ENG_20070207.1878.LDC2009T13_493_41,202521
eng-NG-31-100626-11783368_2053_22,eng-NG-31-100626-11783368_2053_6,eng-NG-31-100626-11783368_2053,Mary-Mary,f,eng-NG-31-100626-11783368_2053_22-eng-NG-31-100626-11783368_2053_6,89010
NYT_ENG_20080213.0066.LDC2009T13_659_22,NYT_ENG_20080213.0066.LDC2009T13_659_36,NYT_ENG_20080213.0066.LDC2009T13_659,Samuel L. Jackson-Michael Rooker,f,NYT_ENG_20080213.0066.LDC2009T13_659_22-NYT_ENG_20080213.0066.LDC2009T13_659_36,73083
XIN_ENG_20070321.0294.LDC2009T13_60_17,XIN_ENG_20070321.0294.LDC2009T13_60_0,XIN_ENG_20070321.0294.LDC2009T13_60,Abdoulaye Wade-Karim Wade,f,XIN_ENG_20070321.0294.LDC2009T13_60_17-XIN_ENG_20070321.0294.LDC2009T13_60_0,16116
LTW_ENG_20081203.0075.LDC2009T13_535_20,LTW_ENG_20081203.0075.LDC2009T13_535_29,LTW_ENG_20081203.0075.LDC2009T13_535,Kerry Washington-Alfre Woodard,f,LTW_ENG_20081203.0075.LDC2009T13_535_20-LTW_ENG_20081203.0075.LDC2009T13_535_29,10534
135683@30_9,135683@30_37,135683@30,Frances McDormand-Richard Jenkins,f,135683@30_9-135683@30_37,274382
34215@40_135,34215@40_44,34215@40,Jerry Zaks-Howard Dietz,f,34215@40_135-34215@40_44,100830
NYT_ENG_20070815.0038.LDC2009T13_143_51,NYT_ENG_20070815.0038.LDC2009T13_143_72,NYT_ENG_20070815.0038.LDC2009T13_143,Milton Berle-Clark Gable,f,NYT_ENG_20070815.0038.LDC2009T13_143_51-NYT_ENG_20070815.0038.LDC2009T13_143_72,56675
eng-WL-110-174612-12992871_77_51,eng-WL-110-174612-12992871_77_37,eng-WL-110-174612-12992871_77,Keri Hilson-Britney Spears,f,eng-WL-110-174612-12992871_77_51-eng-WL-110-174612-12992871_77_37,54041
LTW_ENG_20070103.0130.LDC2009T13_122_21,LTW_ENG_20070103.0130.LDC2009T13_122_34,LTW_ENG_20070103.0130.LDC2009T13_122,Demi Moore-Yoko Ono,f,LTW_ENG_20070103.0130.LDC2009T13_122_21-LTW_ENG_20070103.0130.LDC2009T13_122_34,109058
NYT_ENG_20070527.0129.LDC2009T13_469_44,NYT_ENG_20070527.0129.LDC2009T13_469_50,NYT_ENG_20070527.0129.LDC2009T13_469,Catherine Deneuve-Chiara Mastroianni,f,NYT_ENG_20070527.0129.LDC2009T13_469_44-NYT_ENG_20070527.0129.LDC2009T13_469_50,188425
AFP_ENG_20070424.0297.LDC2009T13_223_36,AFP_ENG_20070424.0297.LDC2009T13_223_9,AFP_ENG_20070424.0297.LDC2009T13_223,Robert F. Kennedy-Robert F. Kennedy,f,AFP_ENG_20070424.0297.LDC2009T13_223_36-AFP_ENG_20070424.0297.LDC2009T13_223_9,80921
eng-WL-110-174612-12992902_76_38,eng-WL-110-174612-12992902_76_60,eng-WL-110-174612-12992902_76,Mary J. Blige-Alicia Keys,f,eng-WL-110-174612-12992902_76_38-eng-WL-110-174612-12992902_76_60,175871
LTW_ENG_20080729.0092.LDC2009T13_496_15,LTW_ENG_20080729.0092.LDC2009T13_496_0,LTW_ENG_20080729.0092.LDC2009T13_496,Sonja-Robert Rodriguez,f,LTW_ENG_20080729.0092.LDC2009T13_496_15-LTW_ENG_20080729.0092.LDC2009T13_496_0,211791
NYT_ENG_20070722.0041.LDC2009T13_526_32,NYT_ENG_20070722.0041.LDC2009T13_526_13,NYT_ENG_20070722.0041.LDC2009T13_526,Diana-Elizabeth Taylor,f,NYT_ENG_20070722.0041.LDC2009T13_526_32-NYT_ENG_20070722.0041.LDC2009T13_526_13,248340
LTW_ENG_20071120.0094.LDC2009T13_628_35,LTW_ENG_20071120.0094.LDC2009T13_628_12,LTW_ENG_20071120.0094.LDC2009T13_628,Michael-Kate,f,LTW_ENG_20071120.0094.LDC2009T13_628_35-LTW_ENG_20071120.0094.LDC2009T13_628_12,128605
AFP_ENG_20080815.0697.LDC2009T13_336_26,AFP_ENG_20080815.0697.LDC2009T13_336_17,AFP_ENG_20080815.0697.LDC2009T13_336,David Hussey-Brad Haddin,f,AFP_ENG_20080815.0697.LDC2009T13_336_26-AFP_ENG_20080815.0697.LDC2009T13_336_17,47106
124351@45_14,124351@45_43,124351@45,David Fincher-Frank Miller,f,124351@45_14-124351@45_43,234663
eng-WL-11-174611-12980486_69_11,eng-WL-11-174611-12980486_69_2,eng-WL-11-174611-12980486_69,Joe Biden-Beau Biden,f,eng-WL-11-174611-12980486_69_11-eng-WL-11-174611-12980486_69_2,251499
eng-WL-110-174612-12993184_46_42,eng-WL-110-174612-12993184_46_45,eng-WL-110-174612-12993184_46,Jennifer Lopez-Gwen Stefani,f,eng-WL-110-174612-12993184_46_42-eng-WL-110-174612-12993184_46_45,169353
AFP_ENG_20070222.0535.LDC2009T13_236_0,AFP_ENG_20070222.0535.LDC2009T13_236_25,AFP_ENG_20070222.0535.LDC2009T13_236,Joey Fatone-Ian Ziering,f,AFP_ENG_20070222.0535.LDC2009T13_236_0-AFP_ENG_20070222.0535.LDC2009T13_236_25,4422
eng-WL-11-174595-12968537_3053_12,eng-WL-11-174595-12968537_3053_43,eng-WL-11-174595-12968537_3053,Wendy-Jessica Biel,f,eng-WL-11-174595-12968537_3053_12-eng-WL-11-174595-12968537_3053_43,290073
LTW_ENG_20070603.0036.LDC2009T13_143_31,LTW_ENG_20070603.0036.LDC2009T13_143_34,LTW_ENG_20070603.0036.LDC2009T13_143,Desi Arnaz-George Burns,f,LTW_ENG_20070603.0036.LDC2009T13_143_31-LTW_ENG_20070603.0036.LDC2009T13_143_34,150495
45467@4_15,45467@4_6,45467@4,Ann-Claire Danes,f,45467@4_15-45467@4_6,22690
APW_ENG_20080101.0384.LDC2009T13_400_48,APW_ENG_20080101.0384.LDC2009T13_400_29,APW_ENG_20080101.0384.LDC2009T13_400,Serge Gainsbourg-Jean-Paul Sartre,f,APW_ENG_20080101.0384.LDC2009T13_400_48-APW_ENG_20080101.0384.LDC2009T13_400_29,126254
NYT_ENG_20070816.0130.LDC2009T13_885_8,NYT_ENG_20070816.0130.LDC2009T13_885_5,NYT_ENG_20070816.0130.LDC2009T13_885,Keeley Hawes-Daniel,f,NYT_ENG_20070816.0130.LDC2009T13_885_8-NYT_ENG_20070816.0130.LDC2009T13_885_5,92893
eng-WL-11-174573-12958287_422_43,eng-WL-11-174573-12958287_422_69,eng-WL-11-174573-12958287_422,Philip-James McAvoy,f,eng-WL-11-174573-12958287_422_43-eng-WL-11-174573-12958287_422_69,86086
eng-WL-110-174612-12990752_49_39,eng-WL-110-174612-12990752_49_25,eng-WL-110-174612-12990752_49,Janet Jackson-Celine Dion,f,eng-WL-110-174612-12990752_49_39-eng-WL-110-174612-12990752_49_25,73577
13460@6_21,13460@6_13,13460@6,Joe Klein-Leslie Moonves,f,13460@6_21-13460@6_13,176928
NYT_ENG_20071029.0305.LDC2009T13_968_24,NYT_ENG_20071029.0305.LDC2009T13_968_17,NYT_ENG_20071029.0305.LDC2009T13_968,George Jones-Conway Twitty,f,NYT_ENG_20071029.0305.LDC2009T13_968_24-NYT_ENG_20071029.0305.LDC2009T13_968_17,270464
APW_ENG_20071222.0111.LDC2009T13_631_24,APW_ENG_20071222.0111.LDC2009T13_631_36,APW_ENG_20071222.0111.LDC2009T13_631,Abraham-Ishmael,f,APW_ENG_20071222.0111.LDC2009T13_631_24-APW_ENG_20071222.0111.LDC2009T13_631_36,207799
112624@37_44,112624@37_41,112624@37,Piper Laurie-Rosemary Clooney,f,112624@37_44-112624@37_41,234036
NYT_ENG_20071129.0180.LDC2009T13_170_39,NYT_ENG_20071129.0180.LDC2009T13_170_15,NYT_ENG_20071129.0180.LDC2009T13_170,Larry Hagman-Arnold Schwarzenegger,f,NYT_ENG_20071129.0180.LDC2009T13_170_39-NYT_ENG_20071129.0180.LDC2009T13_170_15,57401
APW_ENG_20081014.1290.LDC2009T13_165_16,APW_ENG_20081014.1290.LDC2009T13_165_22,APW_ENG_20081014.1290.LDC2009T13_165,Mariah Carey-Rihanna,f,APW_ENG_20081014.1290.LDC2009T13_165_16-APW_ENG_20081014.1290.LDC2009T13_165_22,264141
64529@110_6,64529@110_12,64529@110,Robert Zemeckis-Ray Winstone,f,64529@110_6-64529@110_12,216982
APW_ENG_20080414.1090.LDC2009T13_18_29,APW_ENG_20080414.1090.LDC2009T13_18_37,APW_ENG_20080414.1090.LDC2009T13_18,Miley Cyrus-Billy Ray Cyrus,f,APW_ENG_20080414.1090.LDC2009T13_18_29-APW_ENG_20080414.1090.LDC2009T13_18_37,68074
141093@9_23,141093@9_4,141093@9,Josh Charles-Robert Guillaume,f,141093@9_23-141093@9_4,1323
eng-WL-11-174611-12970616_7_3,eng-WL-11-174611-12970616_7_10,eng-WL-11-174611-12970616_7,Kate McGarrigle-Martha Wainwright,f,eng-WL-11-174611-12970616_7_3-eng-WL-11-174611-12970616_7_10,128181
eng-WL-11-174595-12968020_1306_1,eng-WL-11-174595-12968020_1306_36,eng-WL-11-174595-12968020_1306,Nick Lachey-Nick,f,eng-WL-11-174595-12968020_1306_1-eng-WL-11-174595-12968020_1306_36,72448
123759@11_15,123759@11_11,123759@11,Albert Pujols-Alex Rodriguez,f,123759@11_15-123759@11_11,195765
119865@35_38,119865@35_18,119865@35,Stuart Rosenberg-Elliot Silverstein,f,119865@35_38-119865@35_18,156761
eng-WL-110-174612-12992738_37_71,eng-WL-110-174612-12992738_37_68,eng-WL-110-174612-12992738_37,Alicia Keys-Christina Aguilera,f,eng-WL-110-174612-12992738_37_71-eng-WL-110-174612-12992738_37_68,168746
APW_ENG_20080905.0015.LDC2009T13_876_9,APW_ENG_20080905.0015.LDC2009T13_876_6,APW_ENG_20080905.0015.LDC2009T13_876,Patrick Wilson-Dianne Wiest,f,APW_ENG_20080905.0015.LDC2009T13_876_9-APW_ENG_20080905.0015.LDC2009T13_876_6,222395
82383@25_70,82383@25_79,82383@25,Bette Midler-Merle Haggard,f,82383@25_70-82383@25_79,160070
25919@39_26,25919@39_32,25919@39,Don Sutton-Dave Winfield,f,25919@39_26-25919@39_32,157984
APW_ENG_20080122.0127.LDC2009T13_20_1,APW_ENG_20080122.0127.LDC2009T13_20_5,APW_ENG_20080122.0127.LDC2009T13_20,Hillary Rodham Clinton-Barack Obama,f,APW_ENG_20080122.0127.LDC2009T13_20_1-APW_ENG_20080122.0127.LDC2009T13_20_5,223364
38715@10_20,38715@10_32,38715@10,Tom Tykwer-Sergio Castellitto,f,38715@10_20-38715@10_32,236121
82383@25_102,82383@25_76,82383@25,Ben Stiller-Martha Stewart,f,82383@25_102-82383@25_76,4404
eng-NG-31-142148-10020690_308_2,eng-NG-31-142148-10020690_308_19,eng-NG-31-142148-10020690_308,Cain-Abel,f,eng-NG-31-142148-10020690_308_2-eng-NG-31-142148-10020690_308_19,187348
APW_ENG_20080815.0339.LDC2009T13_244_17,APW_ENG_20080815.0339.LDC2009T13_244_38,APW_ENG_20080815.0339.LDC2009T13_244,Brad Haddin-Andrew Symonds,f,APW_ENG_20080815.0339.LDC2009T13_244_17-APW_ENG_20080815.0339.LDC2009T13_244_38,10152
APW_ENG_20080213.0279.LDC2009T13_1220_15,APW_ENG_20080213.0279.LDC2009T13_1220_18,APW_ENG_20080213.0279.LDC2009T13_1220,Jacob Ellison-Tamati Ellison,f,APW_ENG_20080213.0279.LDC2009T13_1220_15-APW_ENG_20080213.0279.LDC2009T13_1220_18,285200
AFP_ENG_20070827.0193.LDC2009T13_342_0,AFP_ENG_20070827.0193.LDC2009T13_342_10,AFP_ENG_20070827.0193.LDC2009T13_342,Yosano-Akiko Yosano,f,AFP_ENG_20070827.0193.LDC2009T13_342_0-AFP_ENG_20070827.0193.LDC2009T13_342_10,181782
NYT_ENG_20080717.0121.LDC2009T13_1599_29,NYT_ENG_20080717.0121.LDC2009T13_1599_77,NYT_ENG_20080717.0121.LDC2009T13_1599,Bob Kane-Christopher Nolan,f,NYT_ENG_20080717.0121.LDC2009T13_1599_29-NYT_ENG_20080717.0121.LDC2009T13_1599_77,173539
eng-WL-11-174611-12980047_76_48,eng-WL-11-174611-12980047_76_21,eng-WL-11-174611-12980047_76,Ashton Kutcher-Kate Bosworth,f,eng-WL-11-174611-12980047_76_48-eng-WL-11-174611-12980047_76_21,193796
NYT_ENG_20070920.0197.LDC2009T13_1501_16,NYT_ENG_20070920.0197.LDC2009T13_1501_44,NYT_ENG_20070920.0197.LDC2009T13_1501,Sam Shepard-Zooey Deschanel,f,NYT_ENG_20070920.0197.LDC2009T13_1501_16-NYT_ENG_20070920.0197.LDC2009T13_1501_44,75726
152742@16_2,152742@16_30,152742@16,Alan Rickman-Bill Pullman,f,152742@16_2-152742@16_30,274531
LTW_ENG_20080208.0005.LDC2009T13_263_32,LTW_ENG_20080208.0005.LDC2009T13_263_15,LTW_ENG_20080208.0005.LDC2009T13_263,Amy Ryan-Ben Affleck,f,LTW_ENG_20080208.0005.LDC2009T13_263_32-LTW_ENG_20080208.0005.LDC2009T13_263_15,155811
NYT_ENG_20080806.0073.LDC2009T13_659_35,NYT_ENG_20080806.0073.LDC2009T13_659_5,NYT_ENG_20080806.0073.LDC2009T13_659,Herbert Hoover-Thomas Jefferson,f,NYT_ENG_20080806.0073.LDC2009T13_659_35-NYT_ENG_20080806.0073.LDC2009T13_659_5,173464
eng-WL-110-174612-12993578_9_53,eng-WL-110-174612-12993578_9_40,eng-WL-110-174612-12993578_9,Amy Winehouse-Ryan Toby,f,eng-WL-110-174612-12993578_9_53-eng-WL-110-174612-12993578_9_40,213499
NYT_ENG_20080904.0118.LDC2009T13_1152_82,NYT_ENG_20080904.0118.LDC2009T13_1152_17,NYT_ENG_20080904.0118.LDC2009T13_1152,Eric-Jason,f,NYT_ENG_20080904.0118.LDC2009T13_1152_82-NYT_ENG_20080904.0118.LDC2009T13_1152_17,252926
eng-NG-31-149596-10592240_426_11,eng-NG-31-149596-10592240_426_0,eng-NG-31-149596-10592240_426,Esau-Jacob,f,eng-NG-31-149596-10592240_426_11-eng-NG-31-149596-10592240_426_0,54168
NYT_ENG_20070511.0090.LDC2009T13_247_8,NYT_ENG_20070511.0090.LDC2009T13_247_46,NYT_ENG_20070511.0090.LDC2009T13_247,Darlene Mowry-Tahj Mowry,f,NYT_ENG_20070511.0090.LDC2009T13_247_8-NYT_ENG_20070511.0090.LDC2009T13_247_46,230953
NYT_ENG_20070611.0017.LDC2009T13_421_16,NYT_ENG_20070611.0017.LDC2009T13_421_7,NYT_ENG_20070611.0017.LDC2009T13_421,Marc Anthony-Geraldo Rivera,f,NYT_ENG_20070611.0017.LDC2009T13_421_16-NYT_ENG_20070611.0017.LDC2009T13_421_7,16955
eng-WL-11-174595-12967315_973_5,eng-WL-11-174595-12967315_973_17,eng-WL-11-174595-12967315_973,Jessica Simpson-Fred Durst,f,eng-WL-11-174595-12967315_973_5-eng-WL-11-174595-12967315_973_17,36279
151163@31_8,151163@31_33,151163@31,Baz Luhrmann-Dody Dorn,f,151163@31_8-151163@31_33,235468
APW_ENG_20070105.1093.LDC2009T13_115_6,APW_ENG_20070105.1093.LDC2009T13_115_9,APW_ENG_20070105.1093.LDC2009T13_115,Clive Cussler-Dirk Cussler,f,APW_ENG_20070105.1093.LDC2009T13_115_6-APW_ENG_20070105.1093.LDC2009T13_115_9,199829
LTW_ENG_20081224.0072.LDC2009T13_351_10,LTW_ENG_20081224.0072.LDC2009T13_351_22,LTW_ENG_20081224.0072.LDC2009T13_351,Patricia Arquette-Josh Lucas,f,LTW_ENG_20081224.0072.LDC2009T13_351_10-LTW_ENG_20081224.0072.LDC2009T13_351_22,213574
APW_ENG_20080207.0414.LDC2009T13_449_23,APW_ENG_20080207.0414.LDC2009T13_449_26,APW_ENG_20080207.0414.LDC2009T13_449,Salma Hayek-Djimon Hounsou,f,APW_ENG_20080207.0414.LDC2009T13_449_23-APW_ENG_20080207.0414.LDC2009T13_449_26,66649
APW_ENG_20080122.0751.LDC2009T13_311_40,APW_ENG_20080122.0751.LDC2009T13_311_48,APW_ENG_20080122.0751.LDC2009T13_311,Jason Reitman-Julian Schnabel,f,APW_ENG_20080122.0751.LDC2009T13_311_40-APW_ENG_20080122.0751.LDC2009T13_311_48,29525
eng-NG-31-145805-10295624_19_1,eng-NG-31-145805-10295624_19_15,eng-NG-31-145805-10295624_19,Justin Timberlake-Justin Timberlake,f,eng-NG-31-145805-10295624_19_1-eng-NG-31-145805-10295624_19_15,242874
36745@32_21,36745@32_32,36745@32,Ted Elliott-Elliott,f,36745@32_21-36745@32_32,157871
NYT_ENG_20080218.0014.LDC2009T13_723_11,NYT_ENG_20080218.0014.LDC2009T13_723_27,NYT_ENG_20080218.0014.LDC2009T13_723,Kevin Harvick-Dale Jarrett,f,NYT_ENG_20080218.0014.LDC2009T13_723_11-NYT_ENG_20080218.0014.LDC2009T13_723_27,291338
64529@6_21,64529@6_4,64529@6,Jesse James-George Clooney,f,64529@6_21-64529@6_4,159540
eng-WL-110-174612-12990752_49_25,eng-WL-110-174612-12990752_49_89,eng-WL-110-174612-12990752_49,Celine Dion-Jennifer Lopez,f,eng-WL-110-174612-12990752_49_25-eng-WL-110-174612-12990752_49_89,171604
NYT_ENG_20070207.0063.LDC2009T13_223_2,NYT_ENG_20070207.0063.LDC2009T13_223_51,NYT_ENG_20070207.0063.LDC2009T13_223,Henry-Elizabeth Taylor,f,NYT_ENG_20070207.0063.LDC2009T13_223_2-NYT_ENG_20070207.0063.LDC2009T13_223_51,189177
99711@5_29,99711@5_11,99711@5,Tom Wilkinson-Alan Arkin,f,99711@5_29-99711@5_11,4460
59970@28_44,59970@28_50,59970@28,Chris Rock-George Clooney,f,59970@28_44-59970@28_50,79989
eng-NG-31-141957-9978525_33_3,eng-NG-31-141957-9978525_33_26,eng-NG-31-141957-9978525_33,Suri Cruise-Tom Cruise,f,eng-NG-31-141957-9978525_33_3-eng-NG-31-141957-9978525_33_26,186702
eng-WL-11-174611-12982917_191_5,eng-WL-11-174611-12982917_191_32,eng-WL-11-174611-12982917_191,Rosie Perez-Peter Hermann,f,eng-WL-11-174611-12982917_191_5-eng-WL-11-174611-12982917_191_32,192404
NYT_ENG_20081015.0070.LDC2009T13_396_28,NYT_ENG_20081015.0070.LDC2009T13_396_35,NYT_ENG_20081015.0070.LDC2009T13_396,Elizabeth Taylor-Marie,f,NYT_ENG_20081015.0070.LDC2009T13_396_28-NYT_ENG_20081015.0070.LDC2009T13_396_35,135400
NYT_ENG_20081121.0047.LDC2009T13_1539_42,NYT_ENG_20081121.0047.LDC2009T13_1539_48,NYT_ENG_20081121.0047.LDC2009T13_1539,Lucille-Irene,f,NYT_ENG_20081121.0047.LDC2009T13_1539_42-NYT_ENG_20081121.0047.LDC2009T13_1539_48,151404
LTW_ENG_20081211.0047.LDC2009T13_1377_25,LTW_ENG_20081211.0047.LDC2009T13_1377_13,LTW_ENG_20081211.0047.LDC2009T13_1377,Ernie Hudson-Danny DeVito,f,LTW_ENG_20081211.0047.LDC2009T13_1377_25-LTW_ENG_20081211.0047.LDC2009T13_1377_13,71924
eng-WL-110-174612-12993825_103_80,eng-WL-110-174612-12993825_103_14,eng-WL-110-174612-12993825_103,Alicia Keys-Janet Jackson,f,eng-WL-110-174612-12993825_103_80-eng-WL-110-174612-12993825_103_14,109436
eng-WL-110-174612-12991355_95_53,eng-WL-110-174612-12991355_95_46,eng-WL-110-174612-12991355_95,Jessica Simpson-Tom Jones,f,eng-WL-110-174612-12991355_95_53-eng-WL-110-174612-12991355_95_46,188280
135656@6_22,135656@6_36,135656@6,Frances McDormand-Brad Pitt,f,135656@6_22-135656@6_36,117216
AFP_ENG_20080311.0569.LDC2009T13_278_7,AFP_ENG_20080311.0569.LDC2009T13_278_33,AFP_ENG_20080311.0569.LDC2009T13_278,Anwar-Nurul Izzah Anwar,f,AFP_ENG_20080311.0569.LDC2009T13_278_7-AFP_ENG_20080311.0569.LDC2009T13_278_33,259926
AFP_ENG_20080710.0726.LDC2009T13_28_2,AFP_ENG_20080710.0726.LDC2009T13_28_35,AFP_ENG_20080710.0726.LDC2009T13_28,Ricky Ponting-Brad Haddin,f,AFP_ENG_20080710.0726.LDC2009T13_28_2-AFP_ENG_20080710.0726.LDC2009T13_28_35,280854
AFP_ENG_20081120.0231.LDC2009T13_182_24,AFP_ENG_20081120.0231.LDC2009T13_182_45,AFP_ENG_20081120.0231.LDC2009T13_182,Yusuf Pathan-Irfan Pathan,f,AFP_ENG_20081120.0231.LDC2009T13_182_24-AFP_ENG_20081120.0231.LDC2009T13_182_45,208128
APW_ENG_20081014.1290.LDC2009T13_369_53,APW_ENG_20081014.1290.LDC2009T13_369_34,APW_ENG_20081014.1290.LDC2009T13_369,Alicia Keys-Mary J. Blige,f,APW_ENG_20081014.1290.LDC2009T13_369_53-APW_ENG_20081014.1290.LDC2009T13_369_34,123049
45172@25_25,45172@25_31,45172@25,Mamie Gummer-Meryl Streep,f,45172@25_25-45172@25_31,217980
NYT_ENG_20070602.0029.LDC2009T13_76_56,NYT_ENG_20070602.0029.LDC2009T13_76_59,NYT_ENG_20070602.0029.LDC2009T13_76,Jayne Mansfield-Audrey Hepburn,f,NYT_ENG_20070602.0029.LDC2009T13_76_56-NYT_ENG_20070602.0029.LDC2009T13_76_59,243612
143576@36_0,143576@36_6,143576@36,Byrne Piven-Piven,f,143576@36_0-143576@36_6,157983
NYT_ENG_20081204.0214.LDC2009T13_1516_12,NYT_ENG_20081204.0214.LDC2009T13_1516_5,NYT_ENG_20081204.0214.LDC2009T13_1516,Sander Levin-Carl Levin,f,NYT_ENG_20081204.0214.LDC2009T13_1516_12-NYT_ENG_20081204.0214.LDC2009T13_1516_5,72115
APW_ENG_20070524.0883.LDC2009T13_361_12,APW_ENG_20070524.0883.LDC2009T13_361_42,APW_ENG_20070524.0883.LDC2009T13_361,Goldie Hawn-Catherine Deneuve,f,APW_ENG_20070524.0883.LDC2009T13_361_12-APW_ENG_20070524.0883.LDC2009T13_361_42,70928
APW_ENG_19990607.0425.LDC2007T07_456_10,APW_ENG_19990607.0425.LDC2007T07_456_16,APW_ENG_19990607.0425.LDC2007T07_456,Moshe Dayan-Shmuel Dayan,f,APW_ENG_19990607.0425.LDC2007T07_456_10-APW_ENG_19990607.0425.LDC2007T07_456_16,239654
eng-WL-11-174595-12967693_124_5,eng-WL-11-174595-12967693_124_30,eng-WL-11-174595-12967693_124,Katie Holmes-Kerry Packer,f,eng-WL-11-174595-12967693_124_5-eng-WL-11-174595-12967693_124_30,173468
LTW_ENG_20081217.0064.LDC2009T13_6_40,LTW_ENG_20081217.0064.LDC2009T13_6_7,LTW_ENG_20081217.0064.LDC2009T13_6,Kate-Paul Henning,f,LTW_ENG_20081217.0064.LDC2009T13_6_40-LTW_ENG_20081217.0064.LDC2009T13_6_7,73348
75747@2_40,75747@2_30,75747@2,Alison Lohman-John Malkovich,f,75747@2_40-75747@2_30,2957
eng-WL-11-174595-12968455_286_4,eng-WL-11-174595-12968455_286_28,eng-WL-11-174595-12968455_286,Amy Adams-Taye Diggs,f,eng-WL-11-174595-12968455_286_4-eng-WL-11-174595-12968455_286_28,267643
AFP_ENG_20080830.0412.LDC2009T13_201_2,AFP_ENG_20080830.0412.LDC2009T13_201_29,AFP_ENG_20080830.0412.LDC2009T13_201,Michael Clarke-Mitchell Johnson,f,AFP_ENG_20080830.0412.LDC2009T13_201_2-AFP_ENG_20080830.0412.LDC2009T13_201_29,278614
APW_ENG_20070914.0052.LDC2009T13_295_6,APW_ENG_20070914.0052.LDC2009T13_295_9,APW_ENG_20070914.0052.LDC2009T13_295,Roderick Taylor-Bruce A. Taylor,f,APW_ENG_20070914.0052.LDC2009T13_295_6-APW_ENG_20070914.0052.LDC2009T13_295_9,32298
56239@7_41,56239@7_69,56239@7,Grace Kelly-Duke Ellington,f,56239@7_41-56239@7_69,25415
NYT_ENG_20080904.0118.LDC2009T13_1152_56,NYT_ENG_20080904.0118.LDC2009T13_1152_41,NYT_ENG_20080904.0118.LDC2009T13_1152,Carrie Preston-Chris Bauer,f,NYT_ENG_20080904.0118.LDC2009T13_1152_56-NYT_ENG_20080904.0118.LDC2009T13_1152_41,213853
LTW_ENG_20080215.0009.LDC2009T13_537_10,LTW_ENG_20080215.0009.LDC2009T13_537_13,LTW_ENG_20080215.0009.LDC2009T13_537,Nicole Kidman-Jennifer Jason Leigh,f,LTW_ENG_20080215.0009.LDC2009T13_537_10-LTW_ENG_20080215.0009.LDC2009T13_537_13,205552
eng-WL-11-174595-12973351_5_22,eng-WL-11-174595-12973351_5_3,eng-WL-11-174595-12973351_5,Brandon Jenner-Brody Jenner,f,eng-WL-11-174595-12973351_5_22-eng-WL-11-174595-12973351_5_3,207865
AFP_ENG_20070102.0318.LDC2009T13_601_39,AFP_ENG_20070102.0318.LDC2009T13_601_22,AFP_ENG_20070102.0318.LDC2009T13_601,Ronald Reagan-Bill Clinton,f,AFP_ENG_20070102.0318.LDC2009T13_601_39-AFP_ENG_20070102.0318.LDC2009T13_601_22,122295
147048@113_14,147048@113_2,147048@113,Michael Imperioli-Jessica Alba,f,147048@113_14-147048@113_2,79246
NYT_ENG_20070817.0095.LDC2009T13_266_5,NYT_ENG_20070817.0095.LDC2009T13_266_11,NYT_ENG_20070817.0095.LDC2009T13_266,Matthew Macfadyen-Jane,f,NYT_ENG_20070817.0095.LDC2009T13_266_5-NYT_ENG_20070817.0095.LDC2009T13_266_11,269639
AFP_ENG_20070811.0197.LDC2009T13_192_11,AFP_ENG_20070811.0197.LDC2009T13_192_44,AFP_ENG_20070811.0197.LDC2009T13_192,Laura-Barbara,f,AFP_ENG_20070811.0197.LDC2009T13_192_11-AFP_ENG_20070811.0197.LDC2009T13_192_44,63804
APW_ENG_20081105.1645.LDC2009T13_52_1,APW_ENG_20081105.1645.LDC2009T13_52_7,APW_ENG_20081105.1645.LDC2009T13_52,Michelle-Barack Obama,f,APW_ENG_20081105.1645.LDC2009T13_52_1-APW_ENG_20081105.1645.LDC2009T13_52_7,87171
AFP_ENG_20070403.0021.LDC2009T13_457_16,AFP_ENG_20070403.0021.LDC2009T13_457_25,AFP_ENG_20070403.0021.LDC2009T13_457,Joakim Noah-Yannick Noah,f,AFP_ENG_20070403.0021.LDC2009T13_457_16-AFP_ENG_20070403.0021.LDC2009T13_457_25,139757
LTW_ENG_20070824.0057.LDC2009T13_82_45,LTW_ENG_20070824.0057.LDC2009T13_82_48,LTW_ENG_20070824.0057.LDC2009T13_82,Marlon Brando-Maria Schneider,f,LTW_ENG_20070824.0057.LDC2009T13_82_45-LTW_ENG_20070824.0057.LDC2009T13_82_48,206420
LTW_ENG_20080513.0140.LDC2009T13_454_2,LTW_ENG_20080513.0140.LDC2009T13_454_10,LTW_ENG_20080513.0140.LDC2009T13_454,Rory Kennedy-Robert F. Kennedy,f,LTW_ENG_20080513.0140.LDC2009T13_454_2-LTW_ENG_20080513.0140.LDC2009T13_454_10,284964
NYT_ENG_20081231.0068.LDC2009T13_38_22,NYT_ENG_20081231.0068.LDC2009T13_38_2,NYT_ENG_20081231.0068.LDC2009T13_38,Richard Yates-Kate Winslet,f,NYT_ENG_20081231.0068.LDC2009T13_38_22-NYT_ENG_20081231.0068.LDC2009T13_38_2,37021
134252@3_11,134252@3_5,134252@3,Sarah-Todd Palin,f,134252@3_11-134252@3_5,59232
eng-WL-110-174612-12992612_68_12,eng-WL-110-174612-12992612_68_60,eng-WL-110-174612-12992612_68,Janet Jackson-Britney Spears,f,eng-WL-110-174612-12992612_68_12-eng-WL-110-174612-12992612_68_60,166844
XIN_ENG_20070516.0443.LDC2009T13_78_5,XIN_ENG_20070516.0443.LDC2009T13_78_17,XIN_ENG_20070516.0443.LDC2009T13_78,George Clooney-Al Pacino,f,XIN_ENG_20070516.0443.LDC2009T13_78_5-XIN_ENG_20070516.0443.LDC2009T13_78_17,230869
APW_ENG_20070114.0222.LDC2009T13_183_82,APW_ENG_20070114.0222.LDC2009T13_183_13,APW_ENG_20070114.0222.LDC2009T13_183,Ross Taylor-Stephen Fleming,f,APW_ENG_20070114.0222.LDC2009T13_183_82-APW_ENG_20070114.0222.LDC2009T13_183_13,246618
eng-WL-11-174588-12938737_6769_50,eng-WL-11-174588-12938737_6769_58,eng-WL-11-174588-12938737_6769,Tobey Maguire-Hilary Swank,f,eng-WL-11-174588-12938737_6769_50-eng-WL-11-174588-12938737_6769_58,187978
eng-NG-31-100616-11184402_221_9,eng-NG-31-100616-11184402_221_11,eng-NG-31-100616-11184402_221,Isaac-Jacob,f,eng-NG-31-100616-11184402_221_9-eng-NG-31-100616-11184402_221_11,30692
eng-NG-31-104877-11905906_443_3,eng-NG-31-104877-11905906_443_1,eng-NG-31-104877-11905906_443,David-Jesse,f,eng-NG-31-104877-11905906_443_3-eng-NG-31-104877-11905906_443_1,103832
NYT_ENG_20081206.0132.LDC2009T13_1082_7,NYT_ENG_20081206.0132.LDC2009T13_1082_70,NYT_ENG_20081206.0132.LDC2009T13_1082,Vijay Singh-Payne Stewart,f,NYT_ENG_20081206.0132.LDC2009T13_1082_7-NYT_ENG_20081206.0132.LDC2009T13_1082_70,69949
16149@26_12,16149@26_41,16149@26,Rodham-Tony Rodham,f,16149@26_12-16149@26_41,98421
eng-NG-31-130873-12107057_386_31,eng-NG-31-130873-12107057_386_55,eng-NG-31-130873-12107057_386,Bhaskar-Manmohan Singh,f,eng-NG-31-130873-12107057_386_31-eng-NG-31-130873-12107057_386_55,57593
eng-WL-11-174588-12938020_3814_40,eng-WL-11-174588-12938020_3814_3,eng-WL-11-174588-12938020_3814,Meg Tilly-Ethel Barrymore,f,eng-WL-11-174588-12938020_3814_40-eng-WL-11-174588-12938020_3814_3,146895
APW_ENG_20080422.1394.LDC2009T13_427_0,APW_ENG_20080422.1394.LDC2009T13_427_5,APW_ENG_20080422.1394.LDC2009T13_427,Richard Roberts-Oral Roberts,f,APW_ENG_20080422.1394.LDC2009T13_427_0-APW_ENG_20080422.1394.LDC2009T13_427_5,240434
LTW_ENG_20070721.0116.LDC2009T13_177_27,LTW_ENG_20070721.0116.LDC2009T13_177_33,LTW_ENG_20070721.0116.LDC2009T13_177,Ted Koppel-Stephen Breyer,f,LTW_ENG_20070721.0116.LDC2009T13_177_27-LTW_ENG_20070721.0116.LDC2009T13_177_33,12808
NYT_ENG_20070719.0088.LDC2009T13_468_15,NYT_ENG_20070719.0088.LDC2009T13_468_8,NYT_ENG_20070719.0088.LDC2009T13_468,Bill Clinton-Jimmy Carter,f,NYT_ENG_20070719.0088.LDC2009T13_468_15-NYT_ENG_20070719.0088.LDC2009T13_468_8,175586
52679@64_35,52679@64_17,52679@64,Vinnie Jones-Nathaniel Parker,f,52679@64_35-52679@64_17,41139
56584@13_48,56584@13_2,56584@13,Kris Marshall-Simon,f,56584@13_48-56584@13_2,275752
152742@16_44,152742@16_2,152742@16,Danny DeVito-Alan Rickman,f,152742@16_44-152742@16_2,21367
APW_ENG_20081212.1321.LDC2009T13_312_0,APW_ENG_20081212.1321.LDC2009T13_312_10,APW_ENG_20081212.1321.LDC2009T13_312,Al Gore III-Al Gore,f,APW_ENG_20081212.1321.LDC2009T13_312_0-APW_ENG_20081212.1321.LDC2009T13_312_10,149201
AFP_ENG_20081016.0821.LDC2009T13_130_36,AFP_ENG_20081016.0821.LDC2009T13_130_0,AFP_ENG_20081016.0821.LDC2009T13_130,Chuck Hagel-Michelle Obama,f,AFP_ENG_20081016.0821.LDC2009T13_130_36-AFP_ENG_20081016.0821.LDC2009T13_130_0,221673
eng-WL-109-174581-12950617_246_29,eng-WL-109-174581-12950617_246_42,eng-WL-109-174581-12950617_246,Al Franken-Susan Sarandon,f,eng-WL-109-174581-12950617_246_29-eng-WL-109-174581-12950617_246_42,283396
eng-NG-31-141957-9979281_44_16,eng-NG-31-141957-9979281_44_30,eng-NG-31-141957-9979281_44,John Lennon-Heather Mills,f,eng-NG-31-141957-9979281_44_16-eng-NG-31-141957-9979281_44_30,110366
34215@40_68,34215@40_127,34215@40,Adolph Green-Jule Styne,f,34215@40_68-34215@40_127,158912
AFP_ENG_20071009.0314.LDC2009T13_493_33,AFP_ENG_20071009.0314.LDC2009T13_493_38,AFP_ENG_20071009.0314.LDC2009T13_493,Elizabeth II-Philip,f,AFP_ENG_20071009.0314.LDC2009T13_493_33-AFP_ENG_20071009.0314.LDC2009T13_493_38,127823
64833@2_6,64833@2_25,64833@2,Andy Fickman-Kristen Bell,f,64833@2_6-64833@2_25,236920
103874@5_35,103874@5_2,103874@5,Laura Linney-David McCullough,f,103874@5_35-103874@5_2,126
AFP_ENG_20070618.0408.LDC2009T13_218_16,AFP_ENG_20070618.0408.LDC2009T13_218_40,AFP_ENG_20070618.0408.LDC2009T13_218,Ben Harper-Bob Dylan,f,AFP_ENG_20070618.0408.LDC2009T13_218_16-AFP_ENG_20070618.0408.LDC2009T13_218_40,45030
APW_ENG_20080213.0279.LDC2009T13_21_33,APW_ENG_20080213.0279.LDC2009T13_21_63,APW_ENG_20080213.0279.LDC2009T13_21,Mark Gerrard-Clyde Rathbone,f,APW_ENG_20080213.0279.LDC2009T13_21_33-APW_ENG_20080213.0279.LDC2009T13_21_63,55138
AFP_ENG_20080706.0222.LDC2009T13_81_0,AFP_ENG_20080706.0222.LDC2009T13_81_23,AFP_ENG_20080706.0222.LDC2009T13_81,Kiyoko Fukuda-Angela Merkel,f,AFP_ENG_20080706.0222.LDC2009T13_81_0-AFP_ENG_20080706.0222.LDC2009T13_81_23,141199
143008@11_28,143008@11_12,143008@11,Stanley Kramer-Jonathan Winters,f,143008@11_28-143008@11_12,137375
AFP_ENG_20080705.0278.LDC2009T13_604_49,AFP_ENG_20080705.0278.LDC2009T13_604_12,AFP_ENG_20080705.0278.LDC2009T13_604,Praveen Kumar-Gautam Gambhir,f,AFP_ENG_20080705.0278.LDC2009T13_604_49-AFP_ENG_20080705.0278.LDC2009T13_604_12,226582
125840@48_98,125840@48_4,125840@48,David Carbonara-Matthew Weiner,f,125840@48_98-125840@48_4,274086
48462@13_15,48462@13_2,48462@13,Luci Baines Johnson-Johnson,f,48462@13_15-48462@13_2,80314
LTW_ENG_20070323.0102.LDC2009T13_739_40,LTW_ENG_20070323.0102.LDC2009T13_739_28,LTW_ENG_20070323.0102.LDC2009T13_739,Berry Gordy-Smokey Robinson,f,LTW_ENG_20070323.0102.LDC2009T13_739_40-LTW_ENG_20070323.0102.LDC2009T13_739_28,171464
APW_ENG_20081030.1321.LDC2009T13_302_12,APW_ENG_20081030.1321.LDC2009T13_302_40,APW_ENG_20081030.1321.LDC2009T13_302,George Martin-George Harrison,f,APW_ENG_20081030.1321.LDC2009T13_302_12-APW_ENG_20081030.1321.LDC2009T13_302_40,147175
40427@11_17,40427@11_10,40427@11,Kim Gordon-Yoko Ono,f,40427@11_17-40427@11_10,80352
eng-NG-31-100720-11786954_157_8,eng-NG-31-100720-11786954_157_12,eng-NG-31-100720-11786954_157,Isaac-Jacob,f,eng-NG-31-100720-11786954_157_8-eng-NG-31-100720-11786954_157_12,68577
eng-NG-31-138478-12199870_146_10,eng-NG-31-138478-12199870_146_6,eng-NG-31-138478-12199870_146,James-James,f,eng-NG-31-138478-12199870_146_10-eng-NG-31-138478-12199870_146_6,112229
XIN_ENG_20080810.0339.LDC2009T13_139_7,XIN_ENG_20080810.0339.LDC2009T13_139_10,XIN_ENG_20080810.0339.LDC2009T13_139,Pietro Sibello-Gianfranco Sibello,f,XIN_ENG_20080810.0339.LDC2009T13_139_7-XIN_ENG_20080810.0339.LDC2009T13_139_10,269959
AFP_ENG_20071128.0505.LDC2009T13_300_7,AFP_ENG_20071128.0505.LDC2009T13_300_29,AFP_ENG_20071128.0505.LDC2009T13_300,Pedro Collins-Fidel Edwards,f,AFP_ENG_20071128.0505.LDC2009T13_300_7-AFP_ENG_20071128.0505.LDC2009T13_300_29,105796
NYT_ENG_20080502.0005.LDC2009T13_393_29,NYT_ENG_20080502.0005.LDC2009T13_393_16,NYT_ENG_20080502.0005.LDC2009T13_393,Floyd Abrams-Dan Abrams,f,NYT_ENG_20080502.0005.LDC2009T13_393_29-NYT_ENG_20080502.0005.LDC2009T13_393_16,210877
NYT_ENG_20070815.0038.LDC2009T13_143_31,NYT_ENG_20070815.0038.LDC2009T13_143_51,NYT_ENG_20070815.0038.LDC2009T13_143,George S. Patton-Milton Berle,f,NYT_ENG_20070815.0038.LDC2009T13_143_31-NYT_ENG_20070815.0038.LDC2009T13_143_51,173701
APW_ENG_20070224.0312.LDC2009T13_915_31,APW_ENG_20070224.0312.LDC2009T13_915_25,APW_ENG_20070224.0312.LDC2009T13_915,James Taylor-Melissa Etheridge,f,APW_ENG_20070224.0312.LDC2009T13_915_31-APW_ENG_20070224.0312.LDC2009T13_915_25,220880
APW_ENG_20080725.0317.LDC2009T13_496_12,APW_ENG_20080725.0317.LDC2009T13_496_9,APW_ENG_20080725.0317.LDC2009T13_496,Serena Williams-Venus Williams,f,APW_ENG_20080725.0317.LDC2009T13_496_12-APW_ENG_20080725.0317.LDC2009T13_496_9,153980
LTW_ENG_20070614.0147.LDC2009T13_214_8,LTW_ENG_20070614.0147.LDC2009T13_214_11,LTW_ENG_20070614.0147.LDC2009T13_214,Ned Graham-Anne Graham Lotz,f,LTW_ENG_20070614.0147.LDC2009T13_214_8-LTW_ENG_20070614.0147.LDC2009T13_214_11,132550
80874@27_10,80874@27_15,80874@27,Oprah Winfrey-Barack Obama,f,80874@27_10-80874@27_15,141222
eng-WL-11-174588-12938737_6769_50,eng-WL-11-174588-12938737_6769_32,eng-WL-11-174588-12938737_6769,Tobey Maguire-Leonardo DiCaprio,f,eng-WL-11-174588-12938737_6769_50-eng-WL-11-174588-12938737_6769_32,187986
75175@21_23,75175@21_35,75175@21,Cindy McCain-Michelle Obama,f,75175@21_23-75175@21_35,62039
NYT_ENG_20080526.0148.LDC2009T13_419_49,NYT_ENG_20080526.0148.LDC2009T13_419_34,NYT_ENG_20080526.0148.LDC2009T13_419,Harrison Ford-Robert Mitchum,f,NYT_ENG_20080526.0148.LDC2009T13_419_49-NYT_ENG_20080526.0148.LDC2009T13_419_34,68795
eng-WL-11-174611-12973545_17_19,eng-WL-11-174611-12973545_17_2,eng-WL-11-174611-12973545_17,Chris Dodd-Linda McMahon,f,eng-WL-11-174611-12973545_17_19-eng-WL-11-174611-12973545_17_2,252205
NYT_ENG_20071016.0146.LDC2009T13_39_14,NYT_ENG_20071016.0146.LDC2009T13_39_2,NYT_ENG_20071016.0146.LDC2009T13_39,Amy Ryan-Casey Affleck,f,NYT_ENG_20071016.0146.LDC2009T13_39_14-NYT_ENG_20071016.0146.LDC2009T13_39_2,110131
eng-WL-11-174592-12941962_303_19,eng-WL-11-174592-12941962_303_36,eng-WL-11-174592-12941962_303,Ellen Pompeo-Reese Witherspoon,f,eng-WL-11-174592-12941962_303_19-eng-WL-11-174592-12941962_303_36,203733
AFP_ENG_20081102.0094.LDC2009T13_908_4,AFP_ENG_20081102.0094.LDC2009T13_908_7,AFP_ENG_20081102.0094.LDC2009T13_908,Graham Hill-Damon Hill,f,AFP_ENG_20081102.0094.LDC2009T13_908_4-AFP_ENG_20081102.0094.LDC2009T13_908_7,51235
NYT_ENG_20080806.0073.LDC2009T13_659_35,NYT_ENG_20080806.0073.LDC2009T13_659_26,NYT_ENG_20080806.0073.LDC2009T13_659,Herbert Hoover-Woodrow Wilson,f,NYT_ENG_20080806.0073.LDC2009T13_659_35-NYT_ENG_20080806.0073.LDC2009T13_659_26,173458
eng-WL-110-174612-12993306_89_25,eng-WL-110-174612-12993306_89_35,eng-WL-110-174612-12993306_89,Janet Jackson-Syleena Johnson,f,eng-WL-110-174612-12993306_89_25-eng-WL-110-174612-12993306_89_35,69608
APW_ENG_20081017.0951.LDC2009T13_889_11,APW_ENG_20081017.0951.LDC2009T13_889_32,APW_ENG_20081017.0951.LDC2009T13_889,Michael Bloomberg-Mario Cuomo,f,APW_ENG_20081017.0951.LDC2009T13_889_11-APW_ENG_20081017.0951.LDC2009T13_889_32,151450
eng-WL-109-174581-12950617_246_29,eng-WL-109-174581-12950617_246_35,eng-WL-109-174581-12950617_246,Al Franken-Chelsea Clinton,f,eng-WL-109-174581-12950617_246_29-eng-WL-109-174581-12950617_246_35,283398
NYT_ENG_20070628.0044.LDC2009T13_679_3,NYT_ENG_20070628.0044.LDC2009T13_679_10,NYT_ENG_20070628.0044.LDC2009T13_679,William H. Macy-Michael Bolton,f,NYT_ENG_20070628.0044.LDC2009T13_679_3-NYT_ENG_20070628.0044.LDC2009T13_679_10,68810
APW_ENG_20070723.0228.LDC2009T13_158_15,APW_ENG_20070723.0228.LDC2009T13_158_3,APW_ENG_20070723.0228.LDC2009T13_158,Bruce Willis-Quincy Jones,f,APW_ENG_20070723.0228.LDC2009T13_158_15-APW_ENG_20070723.0228.LDC2009T13_158_3,221098
APW_ENG_20070822.1099.LDC2009T13_517_8,APW_ENG_20070822.1099.LDC2009T13_517_32,APW_ENG_20070822.1099.LDC2009T13_517,Ezequiel Garay-Maxi Rodrguez,f,APW_ENG_20070822.1099.LDC2009T13_517_8-APW_ENG_20070822.1099.LDC2009T13_517_32,8494
NYT_ENG_20070501.0176.LDC2009T13_15_6,NYT_ENG_20070501.0176.LDC2009T13_15_10,NYT_ENG_20070501.0176.LDC2009T13_15,Ivan Raimi-Alvin Sargent,f,NYT_ENG_20070501.0176.LDC2009T13_15_6-NYT_ENG_20070501.0176.LDC2009T13_15_10,14206
77100@87_26,77100@87_12,77100@87,Lisa Rinna-Brooke Shields,f,77100@87_26-77100@87_12,277664
14631@16_49,14631@16_31,14631@16,Obama-Obama,f,14631@16_49-14631@16_31,98381
60823@33_51,60823@33_37,60823@33,Vinessa Shaw-Dallas Roberts,f,60823@33_51-60823@33_37,199727
NYT_ENG_20080824.0102.LDC2009T13_950_19,NYT_ENG_20080824.0102.LDC2009T13_950_44,NYT_ENG_20080824.0102.LDC2009T13_950,Venus Williams-Venus,f,NYT_ENG_20080824.0102.LDC2009T13_950_19-NYT_ENG_20080824.0102.LDC2009T13_950_44,175610
54369@40_24,54369@40_53,54369@40,Kate Burton-Ginnifer Goodwin,f,54369@40_24-54369@40_53,239059
APW_ENG_20070415.0442.LDC2009T13_206_17,APW_ENG_20070415.0442.LDC2009T13_206_29,APW_ENG_20070415.0442.LDC2009T13_206,Niall O'Brien-Kyle McCallan,f,APW_ENG_20070415.0442.LDC2009T13_206_17-APW_ENG_20070415.0442.LDC2009T13_206_29,164212
APW_ENG_20070118.0420.LDC2009T13_616_30,APW_ENG_20070118.0420.LDC2009T13_616_37,APW_ENG_20070118.0420.LDC2009T13_616,Fred Goldman-Ronald Goldman,f,APW_ENG_20070118.0420.LDC2009T13_616_30-APW_ENG_20070118.0420.LDC2009T13_616_37,109456
AFP_ENG_20070206.0377.LDC2009T13_739_24,AFP_ENG_20070206.0377.LDC2009T13_739_6,AFP_ENG_20070206.0377.LDC2009T13_739,Frank Lampard-Rio Ferdinand,f,AFP_ENG_20070206.0377.LDC2009T13_739_24-AFP_ENG_20070206.0377.LDC2009T13_739_6,6904
AFP_ENG_20080803.0041.LDC2009T13_98_50,AFP_ENG_20080803.0041.LDC2009T13_98_26,AFP_ENG_20080803.0041.LDC2009T13_98,John McCain-McCain,f,AFP_ENG_20080803.0041.LDC2009T13_98_50-AFP_ENG_20080803.0041.LDC2009T13_98_26,125667
82383@25_129,82383@25_64,82383@25,Cindy Crawford-Marlo Thomas,f,82383@25_129-82383@25_64,140771
14949@43_32,14949@43_27,14949@43,Howard Dean-Bill Bradley,f,14949@43_32-14949@43_27,21564
eng-WL-11-174594-12963210_223_19,eng-WL-11-174594-12963210_223_24,eng-WL-11-174594-12963210_223,Cameron Diaz-Jennifer Aniston,f,eng-WL-11-174594-12963210_223_19-eng-WL-11-174594-12963210_223_24,37112
32186@38_68,32186@38_55,32186@38,Danny Elfman-Bob Murawski,f,32186@38_68-32186@38_55,61227
AFP_ENG_20080828.0681.LDC2009T13_499_23,AFP_ENG_20080828.0681.LDC2009T13_499_8,AFP_ENG_20080828.0681.LDC2009T13_499,David Hussey-Shane Watson,f,AFP_ENG_20080828.0681.LDC2009T13_499_23-AFP_ENG_20080828.0681.LDC2009T13_499_8,148394
APW_ENG_20080911.0269.LDC2009T13_432_18,APW_ENG_20080911.0269.LDC2009T13_432_21,APW_ENG_20080911.0269.LDC2009T13_432,Elvis Presley-Stevie Wonder,f,APW_ENG_20080911.0269.LDC2009T13_432_18-APW_ENG_20080911.0269.LDC2009T13_432_21,228093
AFP_ENG_20080208.0609.LDC2009T13_126_3,AFP_ENG_20080208.0609.LDC2009T13_126_17,AFP_ENG_20080208.0609.LDC2009T13_126,Arnold Schwarzenegger-Barack Obama,f,AFP_ENG_20080208.0609.LDC2009T13_126_3-AFP_ENG_20080208.0609.LDC2009T13_126_17,165350
eng-NG-31-146450-10408799_468_11,eng-NG-31-146450-10408799_468_17,eng-NG-31-146450-10408799_468,keri russell get shane deary-keri russell,f,eng-NG-31-146450-10408799_468_11-eng-NG-31-146450-10408799_468_17,112185
eng-WL-110-174612-12993658_15_80,eng-WL-110-174612-12993658_15_45,eng-WL-110-174612-12993658_15,Christina Aguilera-Jermaine Dupri,f,eng-WL-110-174612-12993658_15_80-eng-WL-110-174612-12993658_15_45,34314
AFP_ENG_20070811.0179.LDC2009T13_189_7,AFP_ENG_20070811.0179.LDC2009T13_189_27,AFP_ENG_20070811.0179.LDC2009T13_189,Bush-Jeb Bush,f,AFP_ENG_20070811.0179.LDC2009T13_189_7-AFP_ENG_20070811.0179.LDC2009T13_189_27,102760
APW_ENG_20080202.0818.LDC2009T13_367_7,APW_ENG_20080202.0818.LDC2009T13_367_10,APW_ENG_20080202.0818.LDC2009T13_367,Tom Petty-Sean,f,APW_ENG_20080202.0818.LDC2009T13_367_7-APW_ENG_20080202.0818.LDC2009T13_367_10,107609
NYT_ENG_20070816.0130.LDC2009T13_885_5,NYT_ENG_20070816.0130.LDC2009T13_885_76,NYT_ENG_20070816.0130.LDC2009T13_885,Daniel-Peter Dinklage,f,NYT_ENG_20070816.0130.LDC2009T13_885_5-NYT_ENG_20070816.0130.LDC2009T13_885_76,288099
APW_ENG_20081111.0746.LDC2009T13_711_18,APW_ENG_20081111.0746.LDC2009T13_711_0,APW_ENG_20081111.0746.LDC2009T13_711,Hosni Mubarak-Gamal Mubarak,f,APW_ENG_20081111.0746.LDC2009T13_711_18-APW_ENG_20081111.0746.LDC2009T13_711_0,53718
eng-WL-110-174612-12992232_153_56,eng-WL-110-174612-12992232_153_19,eng-WL-110-174612-12992232_153,Swizz Beatz-Thomas,f,eng-WL-110-174612-12992232_153_56-eng-WL-110-174612-12992232_153_19,34941
eng-NG-31-142163-10038467_11_26,eng-NG-31-142163-10038467_11_13,eng-NG-31-142163-10038467_11,Sanjay Mishra-Anil Kapoor,f,eng-NG-31-142163-10038467_11_26-eng-NG-31-142163-10038467_11_13,188011
eng-NG-31-151764-10664209_792_8,eng-NG-31-151764-10664209_792_5,eng-NG-31-151764-10664209_792,Danielle Darrieux-Catherine Deneuve,f,eng-NG-31-151764-10664209_792_8-eng-NG-31-151764-10664209_792_5,224715
NYT_ENG_20081204.0117.LDC2009T13_623_2,NYT_ENG_20081204.0117.LDC2009T13_623_37,NYT_ENG_20081204.0117.LDC2009T13_623,Alan Rickman-Eliza Dushku,f,NYT_ENG_20081204.0117.LDC2009T13_623_2-NYT_ENG_20081204.0117.LDC2009T13_623_37,173594
AFP_ENG_20070123.0503.LDC2009T13_38_14,AFP_ENG_20070123.0503.LDC2009T13_38_26,AFP_ENG_20070123.0503.LDC2009T13_38,Oksana Domnina-Maxim Staviski,f,AFP_ENG_20070123.0503.LDC2009T13_38_14-AFP_ENG_20070123.0503.LDC2009T13_38_26,102734
eng-NG-31-126896-12059707_313_4,eng-NG-31-126896-12059707_313_39,eng-NG-31-126896-12059707_313,Moses-Jacob,f,eng-NG-31-126896-12059707_313_4-eng-NG-31-126896-12059707_313_39,201340
eng-WL-110-174612-12991749_58_82,eng-WL-110-174612-12991749_58_109,eng-WL-110-174612-12991749_58,Mary J. Blige-Jennifer Lopez,f,eng-WL-110-174612-12991749_58_82-eng-WL-110-174612-12991749_58_109,112888
APW_ENG_20070713.0469.LDC2009T13_437_5,APW_ENG_20070713.0469.LDC2009T13_437_13,APW_ENG_20070713.0469.LDC2009T13_437,Katie Holmes-Victoria,f,APW_ENG_20070713.0469.LDC2009T13_437_5-APW_ENG_20070713.0469.LDC2009T13_437_13,181143
NYT_ENG_20070316.0138.LDC2009T13_120_12,NYT_ENG_20070316.0138.LDC2009T13_120_0,NYT_ENG_20070316.0138.LDC2009T13_120,Wallace Shawn-Shawn,f,NYT_ENG_20070316.0138.LDC2009T13_120_12-NYT_ENG_20070316.0138.LDC2009T13_120_0,135290
LTW_ENG_20081203.0075.LDC2009T13_535_57,LTW_ENG_20081203.0075.LDC2009T13_535_75,LTW_ENG_20081203.0075.LDC2009T13_535,Alan Cumming-Lynn Whitfield,f,LTW_ENG_20081203.0075.LDC2009T13_535_57-LTW_ENG_20081203.0075.LDC2009T13_535_75,283881
NYT_ENG_20070815.0038.LDC2009T13_143_69,NYT_ENG_20070815.0038.LDC2009T13_143_72,NYT_ENG_20070815.0038.LDC2009T13_143,Duke Ellington-Clark Gable,f,NYT_ENG_20070815.0038.LDC2009T13_143_69-NYT_ENG_20070815.0038.LDC2009T13_143_72,37321
AFP_ENG_19960909.0644.LDC2007T07_123_8,AFP_ENG_19960909.0644.LDC2007T07_123_13,AFP_ENG_19960909.0644.LDC2007T07_123,Rafic Hariri-Bahia Hariri,f,AFP_ENG_19960909.0644.LDC2007T07_123_8-AFP_ENG_19960909.0644.LDC2007T07_123_13,148753
AFP_ENG_20070727.0323.LDC2009T13_327_8,AFP_ENG_20070727.0323.LDC2009T13_327_0,AFP_ENG_20070727.0323.LDC2009T13_327,Rupert Murdoch-James Murdoch,f,AFP_ENG_20070727.0323.LDC2009T13_327_8-AFP_ENG_20070727.0323.LDC2009T13_327_0,63176
APW_ENG_20080404.0842.LDC2009T13_16_26,APW_ENG_20080404.0842.LDC2009T13_16_2,APW_ENG_20080404.0842.LDC2009T13_16,Portia de Rossi-Hillary Rodham Clinton,f,APW_ENG_20080404.0842.LDC2009T13_16_26-APW_ENG_20080404.0842.LDC2009T13_16_2,46429
AFP_ENG_20080710.0726.LDC2009T13_28_44,AFP_ENG_20080710.0726.LDC2009T13_28_17,AFP_ENG_20080710.0726.LDC2009T13_28,Brad Hodge-Nathan Bracken,f,AFP_ENG_20080710.0726.LDC2009T13_28_44-AFP_ENG_20080710.0726.LDC2009T13_28_17,144925
APW_ENG_20080209.0197.LDC2009T13_152_25,APW_ENG_20080209.0197.LDC2009T13_152_42,APW_ENG_20080209.0197.LDC2009T13_152,Kim Ledger-Heath Ledger,f,APW_ENG_20080209.0197.LDC2009T13_152_25-APW_ENG_20080209.0197.LDC2009T13_152_42,15261
APW_ENG_20080424.1411.LDC2009T13_240_9,APW_ENG_20080424.1411.LDC2009T13_240_12,APW_ENG_20080424.1411.LDC2009T13_240,Britney Spears-Ozzy Osbourne,f,APW_ENG_20080424.1411.LDC2009T13_240_9-APW_ENG_20080424.1411.LDC2009T13_240_12,221753
112624@37_20,112624@37_29,112624@37,Stanley Tucci-Alan Alda,f,112624@37_20-112624@37_29,78032
APW_ENG_20070926.0839.LDC2009T13_123_32,APW_ENG_20070926.0839.LDC2009T13_123_42,APW_ENG_20070926.0839.LDC2009T13_123,Angelina Jolie-Rupert Murdoch,f,APW_ENG_20070926.0839.LDC2009T13_123_32-APW_ENG_20070926.0839.LDC2009T13_123_42,122401
eng-NG-31-149586-10590571_181_0,eng-NG-31-149586-10590571_181_13,eng-NG-31-149586-10590571_181,Jacob-Joseph,f,eng-NG-31-149586-10590571_181_0-eng-NG-31-149586-10590571_181_13,265825
AFP_ENG_20081104.0354.LDC2009T13_466_32,AFP_ENG_20081104.0354.LDC2009T13_466_23,AFP_ENG_20081104.0354.LDC2009T13_466,Lee Hsien Loong-Lee Kuan Yew,f,AFP_ENG_20081104.0354.LDC2009T13_466_32-AFP_ENG_20081104.0354.LDC2009T13_466_23,85417
eng-WL-11-174611-12977775_335_11,eng-WL-11-174611-12977775_335_0,eng-WL-11-174611-12977775_335,Sarah Palin-Bristol Palin,f,eng-WL-11-174611-12977775_335_11-eng-WL-11-174611-12977775_335_0,285616
87407@56_64,87407@56_67,87407@56,Robert Redford-Tom Cruise,f,87407@56_64-87407@56_67,25409
APW_ENG_20070227.1414.LDC2009T13_171_40,APW_ENG_20070227.1414.LDC2009T13_171_46,APW_ENG_20070227.1414.LDC2009T13_171,Brett Lee-Glenn McGrath,f,APW_ENG_20070227.1414.LDC2009T13_171_40-APW_ENG_20070227.1414.LDC2009T13_171_46,277439
eng-WL-11-174611-12982917_191_53,eng-WL-11-174611-12982917_191_17,eng-WL-11-174611-12982917_191,Marlo Thomas-Michael Ealy,f,eng-WL-11-174611-12982917_191_53-eng-WL-11-174611-12982917_191_17,75177
NYT_ENG_20070627.0103.LDC2009T13_527_20,NYT_ENG_20070627.0103.LDC2009T13_527_17,NYT_ENG_20070627.0103.LDC2009T13_527,Natasha Richardson-Mamie Gummer,f,NYT_ENG_20070627.0103.LDC2009T13_527_20-NYT_ENG_20070627.0103.LDC2009T13_527_17,69674
eng-NG-31-102460-10983987_18_48,eng-NG-31-102460-10983987_18_9,eng-NG-31-102460-10983987_18,Scarlett Johansson-Snoop Dogg,f,eng-NG-31-102460-10983987_18_48-eng-NG-31-102460-10983987_18_9,143687
NYT_ENG_20080223.0157.LDC2009T13_231_20,NYT_ENG_20080223.0157.LDC2009T13_231_8,NYT_ENG_20080223.0157.LDC2009T13_231,Eva Mendes-Forest Whitaker,f,NYT_ENG_20080223.0157.LDC2009T13_231_20-NYT_ENG_20080223.0157.LDC2009T13_231_8,188252
NYT_ENG_20080501.0096.LDC2009T13_1096_33,NYT_ENG_20080501.0096.LDC2009T13_1096_24,NYT_ENG_20080501.0096.LDC2009T13_1096,Jack Kirby-Stan Lee,f,NYT_ENG_20080501.0096.LDC2009T13_1096_33-NYT_ENG_20080501.0096.LDC2009T13_1096_24,38971
AFP_ENG_20070409.0202.LDC2009T13_104_8,AFP_ENG_20070409.0202.LDC2009T13_104_26,AFP_ENG_20070409.0202.LDC2009T13_104,Kyle McCallan-Niall O'Brien,f,AFP_ENG_20070409.0202.LDC2009T13_104_8-AFP_ENG_20070409.0202.LDC2009T13_104_26,147662
eng-NG-31-100674-11205260_442_11,eng-NG-31-100674-11205260_442_30,eng-NG-31-100674-11205260_442,Oliver Hardy-John Wayne,f,eng-NG-31-100674-11205260_442_11-eng-NG-31-100674-11205260_442_30,12415
NYT_ENG_20070426.0157.LDC2009T13_309_0,NYT_ENG_20070426.0157.LDC2009T13_309_27,NYT_ENG_20070426.0157.LDC2009T13_309,Kevin Tillman-Pat Tillman,f,NYT_ENG_20070426.0157.LDC2009T13_309_0-NYT_ENG_20070426.0157.LDC2009T13_309_27,53483
82383@26_50,82383@26_11,82383@26,Barry Switzer-Larry David,f,82383@26_50-82383@26_11,44144
LTW_ENG_20080819.0068.LDC2009T13_360_6,LTW_ENG_20080819.0068.LDC2009T13_360_18,LTW_ENG_20080819.0068.LDC2009T13_360,Bilawal Bhutto Zardari-Benazir Bhutto,f,LTW_ENG_20080819.0068.LDC2009T13_360_6-LTW_ENG_20080819.0068.LDC2009T13_360_18,17574
